country,year,coal_pct,oil_pct,gas_pct,nuclear_pct,renewable_pct,electricity_access_pct
Indonesia,1990,22.6,26.6,6.5,0.9,43.4,88.8
Indonesia,1991,29.4,17.7,10.7,13.4,28.8,60.0
Indonesia,1992,49.3,12.4,10.7,7.7,19.8,79.4
Indonesia,1993,24.5,19.6,33.9,12.8,9.1,60.9
Indonesia,1994,28.7,36.3,14.0,1.9,19.2,90.3
Indonesia,1995,38.3,27.1,6.6,2.8,25.1,84.9
Indonesia,1996,16.4,25.1,21.3,5.7,31.4,97.9
Indonesia,1997,51.3,31.7,7.3,2.1,7.5,79.7
Indonesia,1998,13.8,39.3,9.8,9.7,27.3,74.6
Indonesia,1999,40.2,13.9,17.9,5.5,22.6,95.5
Indonesia,2000,7.2,37.4,30.0,6.0,19.4,91.6
Indonesia,2001,6.7,39.0,20.8,6.1,27.4,74.5
Indonesia,2002,8.7,39.7,6.2,13.1,32.4,77.7
Indonesia,2003,57.2,17.4,21.0,9.6,0.0,88.1
Indonesia,2004,8.7,15.8,11.4,14.8,49.2,67.6
Indonesia,2005,36.5,16.5,30.8,18.8,0.0,80.7
Indonesia,2006,24.4,17.0,6.5,5.4,46.7,86.2
Indonesia,2007,34.3,38.3,16.9,13.9,0.0,79.6
Indonesia,2008,33.2,18.0,18.6,9.4,20.7,88.3
Indonesia,2009,56.7,19.9,6.3,9.9,7.2,81.8
Indonesia,2010,14.3,32.8,34.5,18.9,0.0,67.9
Indonesia,2011,53.1,31.1,18.6,10.8,0.0,94.0
Indonesia,2012,31.4,21.2,19.8,11.6,16.0,67.6
Indonesia,2013,54.5,30.2,24.0,2.0,0.0,84.2
Indonesia,2014,11.7,12.4,20.8,8.1,47.1,83.6
Indonesia,2015,9.9,22.9,10.2,19.7,37.2,82.4
Indonesia,2016,42.8,19.8,7.8,19.5,10.1,71.5
Indonesia,2017,28.3,29.5,5.7,16.2,20.2,81.5
Indonesia,2018,20.3,11.8,9.9,17.9,40.1,87.4
Indonesia,2019,18.7,12.0,25.7,11.4,32.1,76.2
Indonesia,2020,25.0,16.5,25.1,19.4,14.0,67.0
Indonesia,2021,37.8,22.7,18.4,5.1,15.9,93.0
Indonesia,2022,31.7,26.3,14.1,3.6,24.2,63.4
France,1990,44.3,15.9,25.7,7.8,6.3,76.6
France,1991,30.8,21.0,8.0,6.2,34.0,86.5
France,1992,41.6,18.6,18.8,3.9,17.1,68.4
France,1993,6.3,36.9,11.3,4.6,41.0,71.2
France,1994,12.0,29.2,7.3,2.7,48.9,85.8
France,1995,23.7,31.2,21.7,5.1,18.2,86.0
France,1996,11.4,26.1,18.1,5.4,39.0,84.2
France,1997,52.9,40.0,23.2,8.1,0.0,69.0
France,1998,19.1,24.4,16.0,18.3,22.2,74.7
France,1999,25.5,21.5,30.1,13.0,9.8,84.6
France,2000,23.4,34.5,6.2,17.4,18.5,80.5
France,2001,26.9,24.9,25.0,0.3,22.9,94.9
France,2002,29.6,20.3,9.1,8.8,32.2,79.9
France,2003,27.2,30.4,17.6,19.2,5.6,84.0
France,2004,49.4,13.3,16.9,6.7,13.7,82.8
France,2005,52.4,12.4,7.2,17.0,11.1,68.5
France,2006,41.8,26.3,30.0,2.5,0.0,65.2
France,2007,35.6,38.4,17.4,6.5,2.0,84.3
France,2008,56.2,35.1,34.9,0.5,0.0,64.5
France,2009,38.5,34.6,13.6,4.8,8.5,91.5
France,2010,8.1,21.1,20.2,11.2,39.4,89.1
France,2011,24.5,28.4,22.6,11.0,13.6,85.6
France,2012,19.3,12.5,8.6,4.5,55.1,80.0
France,2013,51.2,31.0,28.7,7.0,0.0,76.2
France,2014,26.7,15.8,6.8,11.8,38.9,99.6
France,2015,14.2,11.4,28.4,5.1,41.0,93.2
France,2016,43.7,38.4,17.3,13.2,0.0,78.6
France,2017,39.7,23.5,10.7,10.2,16.0,81.1
France,2018,49.6,32.1,24.9,2.3,0.0,88.8
France,2019,32.5,36.8,32.6,1.1,0.0,92.8
France,2020,7.1,21.0,21.3,3.0,47.7,89.9
France,2021,5.5,15.1,22.4,14.3,42.8,96.7
France,2022,43.8,30.2,16.8,0.0,9.2,64.8
Egypt,1990,34.4,30.3,17.5,14.6,3.2,80.9
Egypt,1991,9.1,15.8,30.2,14.5,30.5,95.8
Egypt,1992,11.5,39.7,11.3,0.2,37.3,99.9
Egypt,1993,20.5,30.0,10.3,11.6,27.6,96.2
Egypt,1994,22.6,30.1,10.6,12.5,24.1,73.5
Egypt,1995,16.6,19.4,10.4,18.0,35.6,75.9
Egypt,1996,18.5,23.5,14.6,14.9,28.6,98.8
Egypt,1997,29.1,35.8,22.0,3.1,10.0,87.6
Egypt,1998,33.2,29.5,31.7,8.8,0.0,96.0
Egypt,1999,46.3,24.7,23.1,6.5,0.0,99.3
Egypt,2000,41.7,11.3,14.8,12.5,19.7,62.3
Egypt,2001,6.3,23.5,15.0,8.8,46.4,70.5
Egypt,2002,14.1,30.7,20.4,4.0,30.8,72.8
Egypt,2003,37.5,12.2,9.4,1.5,39.4,92.5
Egypt,2004,46.4,32.6,26.5,13.4,0.0,79.1
Egypt,2005,40.3,11.2,23.6,15.6,9.3,80.0
Egypt,2006,24.7,18.3,24.3,13.9,18.9,94.8
Egypt,2007,23.8,33.1,21.8,17.7,3.6,81.1
Egypt,2008,33.5,27.3,27.5,19.3,0.0,62.9
Egypt,2009,7.9,38.1,20.9,12.3,20.7,79.3
Egypt,2010,10.2,33.0,27.4,6.2,23.2,72.2
Egypt,2011,51.1,12.2,31.4,5.1,0.2,83.7
Egypt,2012,56.5,30.3,17.4,13.8,0.0,73.8
Egypt,2013,20.2,39.9,27.5,12.9,0.0,74.2
Egypt,2014,7.7,10.9,21.6,15.2,44.5,81.5
Egypt,2015,51.2,11.0,16.0,4.7,17.0,77.9
Egypt,2016,9.0,38.6,11.7,18.4,22.3,77.0
Egypt,2017,59.2,26.6,32.9,0.1,0.0,89.9
Egypt,2018,54.7,14.2,7.9,8.5,14.8,97.3
Egypt,2019,34.8,25.8,9.2,0.0,30.1,92.4
Egypt,2020,9.8,29.0,32.4,4.2,24.6,86.6
Egypt,2021,9.3,28.1,9.9,14.7,37.9,72.0
Egypt,2022,30.5,28.0,10.1,14.8,16.6,72.1
Russia,1990,41.4,14.7,25.6,2.6,15.6,77.0
Russia,1991,18.6,32.5,12.9,17.6,18.5,95.7
Russia,1992,15.8,28.4,7.6,7.8,40.3,88.5
Russia,1993,41.3,28.7,13.5,7.6,9.0,64.1
Russia,1994,44.5,25.1,26.3,5.0,0.0,73.0
Russia,1995,23.4,10.8,15.2,16.1,34.5,95.9
Russia,1996,33.5,23.7,5.9,17.6,19.3,60.5
Russia,1997,57.0,24.7,15.3,18.5,0.0,61.0
Russia,1998,37.0,26.5,11.6,8.6,16.4,86.1
Russia,1999,45.0,10.0,33.1,3.3,8.6,69.3
Russia,2000,19.5,11.1,8.7,19.7,41.0,72.6
Russia,2001,11.3,13.2,26.6,17.1,31.8,70.3
Russia,2002,6.2,16.7,6.7,2.1,68.4,77.3
Russia,2003,17.6,25.5,12.6,18.8,25.5,96.2
Russia,2004,36.2,20.6,16.4,8.2,18.5,89.1
Russia,2005,29.8,35.7,33.3,6.7,0.0,82.4
Russia,2006,10.2,16.0,17.4,4.1,52.2,95.1
Russia,2007,13.7,23.7,23.2,13.8,25.6,75.3
Russia,2008,52.8,27.0,18.2,1.3,0.6,78.6
Russia,2009,50.1,28.4,30.0,9.9,0.0,64.7
Russia,2010,5.8,19.1,25.9,15.8,33.4,71.8
Russia,2011,32.3,22.6,17.3,4.6,23.2,65.5
Russia,2012,15.8,11.7,10.9,0.2,61.4,85.1
Russia,2013,22.4,39.2,10.8,6.9,20.7,74.3
Russia,2014,5.5,35.2,6.0,18.8,34.6,95.7
Russia,2015,34.5,26.3,24.6,7.7,6.9,85.9
Russia,2016,7.5,11.6,18.7,11.0,51.2,95.5
Russia,2017,10.8,34.7,11.3,7.9,35.4,72.7
Russia,2018,27.0,14.5,20.1,16.0,22.3,77.7
Russia,2019,32.0,35.5,26.2,9.8,0.0,70.3
Russia,2020,53.7,27.3,11.6,5.4,2.0,92.1
Russia,2021,7.4,39.8,8.9,15.9,28.0,75.8
Russia,2022,32.1,36.4,17.4,10.7,3.4,62.0
Brazil,1990,5.1,17.3,25.4,2.4,49.7,64.6
Brazil,1991,27.6,29.4,26.4,3.6,13.0,63.2
Brazil,1992,56.7,17.8,30.6,17.3,0.0,90.9
Brazil,1993,14.3,34.7,28.1,11.9,11.0,73.5
Brazil,1994,19.4,13.7,20.3,11.7,34.9,74.4
Brazil,1995,31.1,20.9,24.2,18.0,5.7,66.6
Brazil,1996,26.0,14.2,23.7,14.6,21.5,97.3
Brazil,1997,20.3,38.5,6.9,12.1,22.2,62.3
Brazil,1998,54.2,25.9,25.1,16.6,0.0,66.0
Brazil,1999,7.1,36.4,14.4,2.6,39.5,78.7
Brazil,2000,37.9,10.9,13.2,0.7,37.3,76.8
Brazil,2001,54.2,39.5,24.1,3.2,0.0,96.2
Brazil,2002,33.4,14.6,32.7,15.1,4.2,89.3
Brazil,2003,44.0,16.0,11.3,13.8,14.9,68.8
Brazil,2004,29.1,33.5,28.5,9.1,0.0,91.7
Brazil,2005,51.1,29.6,11.9,5.5,1.9,72.6
Brazil,2006,11.4,18.2,11.3,9.1,50.0,96.3
Brazil,2007,10.7,31.6,25.6,1.9,30.1,96.9
Brazil,2008,36.3,20.9,27.7,5.1,10.0,87.7
Brazil,2009,7.2,35.2,18.4,12.7,26.5,68.8
Brazil,2010,42.2,33.2,19.2,12.4,0.0,78.3
Brazil,2011,54.2,24.9,30.3,16.0,0.0,76.4
Brazil,2012,17.7,22.2,29.8,4.6,25.8,81.0
Brazil,2013,49.3,20.6,24.3,4.9,0.9,64.4
Brazil,2014,48.7,13.0,13.1,17.1,8.1,73.9
Brazil,2015,58.5,39.4,13.0,0.8,0.0,88.2
Brazil,2016,29.8,13.0,26.2,0.6,30.3,94.8
Brazil,2017,12.6,13.8,10.3,19.2,44.1,87.7
Brazil,2018,49.1,21.9,15.1,4.7,9.2,79.2
Brazil,2019,35.4,29.0,12.7,19.0,4.0,66.8
Brazil,2020,58.1,10.4,19.4,6.7,5.3,78.0
Brazil,2021,36.4,23.1,17.4,14.7,8.4,87.4
Brazil,2022,50.8,17.5,23.3,11.7,0.0,74.8
South Korea,1990,31.7,19.4,9.3,4.3,35.3,64.2
South Korea,1991,42.6,29.8,33.5,14.6,0.0,62.1
South Korea,1992,53.6,35.9,18.3,11.7,0.0,99.0
South Korea,1993,34.3,37.2,7.5,3.8,17.3,77.6
South Korea,1994,37.2,34.5,34.6,7.8,0.0,61.9
South Korea,1995,49.1,28.1,11.0,9.9,2.0,89.7
South Korea,1996,47.4,25.0,14.2,19.5,0.0,86.5
South Korea,1997,27.5,18.4,26.9,4.8,22.4,66.9
South Korea,1998,34.1,18.7,23.9,2.4,20.9,86.2
South Korea,1999,20.6,10.0,8.8,18.7,41.9,94.7
South Korea,2000,17.8,33.4,23.3,19.4,6.1,74.9
South Korea,2001,42.5,11.9,16.9,19.3,9.4,81.6
South Korea,2002,20.8,13.6,26.1,12.9,26.6,75.0
South Korea,2003,57.3,10.7,14.1,18.4,0.0,72.8
South Korea,2004,18.9,26.0,29.7,2.1,23.3,97.7
South Korea,2005,48.7,15.4,26.4,7.7,1.8,76.1
South Korea,2006,48.1,38.9,8.8,8.4,0.0,79.2
South Korea,2007,25.7,20.9,6.6,13.7,33.1,77.4
South Korea,2008,15.7,34.5,29.1,9.7,11.0,71.9
South Korea,2009,40.1,18.6,12.1,14.6,14.6,61.6
South Korea,2010,10.2,10.2,9.6,1.4,68.6,99.8
South Korea,2011,20.9,14.5,12.2,18.7,33.7,80.8
South Korea,2012,25.1,36.2,16.8,6.7,15.2,68.3
South Korea,2013,25.8,19.5,25.3,5.8,23.6,83.1
South Korea,2014,8.6,15.7,17.2,18.7,39.7,75.1
South Korea,2015,41.5,17.7,8.8,1.2,30.8,72.2
South Korea,2016,13.7,15.2,27.8,0.3,43.0,82.3
South Korea,2017,25.9,25.2,21.9,6.3,20.8,71.8
South Korea,2018,45.3,36.1,10.8,2.0,5.8,95.9
South Korea,2019,24.2,26.5,15.8,2.5,30.9,83.6
South Korea,2020,33.9,16.1,18.6,15.9,15.5,83.6
South Korea,2021,10.3,26.4,26.1,15.9,21.3,85.2
South Korea,2022,13.4,31.3,25.3,0.5,29.5,76.5
UK,1990,23.3,30.1,11.5,11.8,23.3,96.5
UK,1991,48.9,37.6,34.4,0.2,0.0,84.9
UK,1992,27.7,35.8,12.6,19.6,4.3,84.5
UK,1993,48.6,12.6,10.5,15.2,13.1,60.9
UK,1994,49.9,10.4,24.7,7.3,7.6,84.5
UK,1995,43.3,20.3,8.2,1.4,26.8,83.6
UK,1996,33.6,32.3,20.3,8.4,5.4,75.9
UK,1997,6.5,20.1,34.3,17.5,21.7,73.2
UK,1998,37.3,35.4,18.2,0.4,8.7,63.0
UK,1999,33.1,39.1,25.8,1.4,0.6,67.6
UK,2000,47.4,35.2,23.5,12.9,0.0,61.1
UK,2001,50.6,33.6,12.8,14.2,0.0,68.6
UK,2002,7.2,16.0,10.4,6.8,59.6,76.7
UK,2003,33.0,24.3,13.1,0.6,29.0,84.2
UK,2004,26.8,19.0,31.0,14.9,8.3,94.3
UK,2005,32.2,13.9,25.9,4.1,23.8,77.6
UK,2006,8.6,34.8,8.8,18.1,29.8,94.6
UK,2007,30.6,32.3,23.6,16.1,0.0,77.3
UK,2008,48.2,23.9,33.2,9.7,0.0,78.5
UK,2009,48.2,34.6,21.6,3.6,0.0,78.7
UK,2010,58.2,32.6,29.3,0.7,0.0,78.7
UK,2011,40.6,34.9,6.5,17.0,1.0,81.9
UK,2012,15.9,19.5,13.5,10.6,40.6,62.1
UK,2013,13.7,34.4,9.0,4.7,38.3,78.1
UK,2014,33.4,32.9,18.4,15.8,0.0,84.7
UK,2015,11.2,14.7,18.1,7.9,48.0,89.7
UK,2016,36.9,21.6,10.1,4.5,26.8,83.0
UK,2017,28.3,25.4,10.1,13.3,22.9,94.1
UK,2018,19.2,24.7,34.3,6.7,15.1,83.8
UK,2019,10.0,28.2,7.7,19.2,35.0,88.6
UK,2020,48.3,31.1,22.7,9.0,0.0,94.3
UK,2021,57.6,25.0,32.9,11.7,0.0,81.5
UK,2022,30.0,16.3,5.1,4.8,43.8,80.4
Poland,1990,25.9,23.5,34.4,7.0,9.2,78.1
Poland,1991,12.3,11.4,28.3,11.4,36.5,90.4
Poland,1992,13.2,27.2,12.6,4.6,42.4,60.5
Poland,1993,12.2,19.3,8.5,19.7,40.3,72.3
Poland,1994,12.2,16.0,22.6,1.3,47.9,94.5
Poland,1995,57.9,17.4,18.5,0.4,5.8,85.6
Poland,1996,27.8,18.1,11.2,13.1,29.8,76.6
Poland,1997,14.9,30.7,22.0,17.2,15.3,64.7
Poland,1998,48.2,30.2,8.5,13.9,0.0,77.7
Poland,1999,57.0,14.2,24.3,7.6,0.0,98.3
Poland,2000,23.1,38.9,32.0,5.4,0.5,92.1
Poland,2001,59.8,17.6,18.1,10.4,0.0,71.8
Poland,2002,5.8,16.6,13.5,8.9,55.2,66.8
Poland,2003,53.0,31.1,7.6,13.0,0.0,86.1
Poland,2004,57.6,10.1,12.4,18.6,1.3,97.3
Poland,2005,44.6,33.0,7.7,10.3,4.4,69.3
Poland,2006,15.0,34.3,9.1,9.4,32.3,97.5
Poland,2007,15.2,39.3,34.8,11.1,0.0,66.8
Poland,2008,22.4,22.7,14.3,5.6,35.0,98.9
Poland,2009,13.4,32.0,5.0,11.9,37.6,96.6
Poland,2010,20.8,15.6,24.6,14.3,24.8,87.5
Poland,2011,22.6,17.6,33.7,18.5,7.7,78.3
Poland,2012,51.5,23.6,17.7,3.1,4.0,77.1
Poland,2013,34.6,10.7,18.3,15.6,20.8,87.2
Poland,2014,39.9,37.3,5.5,11.1,6.1,91.5
Poland,2015,34.8,19.7,9.1,17.8,18.7,78.8
Poland,2016,53.3,27.6,25.2,16.1,0.0,86.4
Poland,2017,26.9,25.4,29.1,7.5,11.1,75.5
Poland,2018,10.3,37.4,7.7,13.0,31.6,76.5
Poland,2019,27.3,30.4,7.0,11.9,23.4,90.9
Poland,2020,50.6,15.1,31.9,13.1,0.0,95.3
Poland,2021,31.7,26.3,32.6,18.0,0.0,77.9
Poland,2022,20.1,21.8,16.6,5.7,35.7,70.7
Turkey,1990,52.4,12.1,25.3,3.5,6.8,73.8
Turkey,1991,8.4,18.1,28.1,17.7,27.8,68.9
Turkey,1992,30.5,24.1,31.2,15.3,0.0,80.5
Turkey,1993,41.9,35.4,5.3,8.1,9.3,96.3
Turkey,1994,45.7,26.3,20.9,7.0,0.2,80.8
Turkey,1995,41.0,22.6,26.4,17.2,0.0,66.2
Turkey,1996,29.8,22.2,25.6,5.0,17.3,85.6
Turkey,1997,53.3,22.5,32.3,19.9,0.0,64.2
Turkey,1998,17.8,38.5,33.7,2.0,8.0,60.6
Turkey,1999,13.9,39.9,10.4,10.1,25.8,93.9
Turkey,2000,6.1,28.1,13.3,17.2,35.2,71.3
Turkey,2001,42.8,30.2,11.6,0.7,14.7,76.4
Turkey,2002,20.9,34.3,29.0,9.1,6.7,84.3
Turkey,2003,38.2,34.8,17.8,5.5,3.7,70.6
Turkey,2004,34.5,23.5,18.2,1.8,22.0,88.7
Turkey,2005,16.8,15.9,17.4,4.6,45.4,83.4
Turkey,2006,25.4,23.5,21.1,4.1,25.9,66.2
Turkey,2007,53.4,23.0,17.4,0.7,5.5,79.9
Turkey,2008,35.5,26.8,26.2,3.5,8.0,70.1
Turkey,2009,49.6,38.4,9.1,10.0,0.0,68.6
Turkey,2010,8.3,19.8,9.3,14.2,48.4,81.3
Turkey,2011,12.9,10.3,29.2,3.5,44.0,84.2
Turkey,2012,23.5,27.6,14.5,1.7,32.7,68.9
Turkey,2013,15.3,22.8,24.7,5.3,31.8,60.5
Turkey,2014,33.5,28.2,33.9,11.8,0.0,78.8
Turkey,2015,36.5,37.8,29.9,6.5,0.0,69.5
Turkey,2016,19.4,25.1,27.3,10.1,18.0,62.7
Turkey,2017,44.8,34.2,13.7,13.3,0.0,77.1
Turkey,2018,53.9,35.4,20.8,13.8,0.0,95.3
Turkey,2019,32.3,19.4,27.6,4.4,16.3,75.5
Turkey,2020,52.6,31.7,17.1,4.3,0.0,74.2
Turkey,2021,20.6,15.3,27.3,5.0,31.8,78.2
Turkey,2022,26.2,39.5,16.7,1.6,16.0,63.6
Pakistan,1990,37.5,28.0,17.6,8.6,8.3,62.2
Pakistan,1991,33.4,25.1,9.5,2.1,29.9,64.9
Pakistan,1992,10.6,28.3,10.9,5.0,45.2,66.9
Pakistan,1993,57.7,35.6,11.9,6.6,0.0,68.4
Pakistan,1994,32.1,10.6,25.1,10.5,21.8,95.9
Pakistan,1995,14.0,34.1,28.8,2.5,20.5,75.9
Pakistan,1996,14.4,17.6,12.9,11.1,44.0,76.5
Pakistan,1997,57.1,13.8,34.2,4.6,0.0,90.9
Pakistan,1998,23.6,14.3,30.7,6.2,25.2,86.4
Pakistan,1999,36.2,24.2,19.9,14.6,5.2,63.5
Pakistan,2000,41.7,36.9,6.7,2.8,11.8,88.7
Pakistan,2001,29.1,22.1,9.1,10.1,29.6,65.1
Pakistan,2002,31.2,32.9,12.7,9.6,13.5,99.7
Pakistan,2003,42.8,35.2,17.4,15.4,0.0,61.6
Pakistan,2004,11.8,16.1,17.1,16.9,38.2,73.9
Pakistan,2005,41.0,31.3,22.6,7.1,0.0,83.1
Pakistan,2006,23.8,12.5,34.8,2.5,26.3,62.9
Pakistan,2007,53.3,19.1,24.5,6.6,0.0,75.7
Pakistan,2008,19.4,20.3,17.3,14.4,28.6,80.5
Pakistan,2009,56.9,11.3,20.1,11.7,0.1,96.8
Pakistan,2010,7.7,27.2,30.6,4.8,29.6,95.1
Pakistan,2011,6.0,32.0,33.0,13.1,15.8,77.6
Pakistan,2012,7.5,37.6,19.1,0.6,35.2,87.6
Pakistan,2013,31.5,13.7,11.4,1.3,42.1,83.0
Pakistan,2014,39.2,25.2,29.5,17.2,0.0,84.6
Pakistan,2015,5.7,30.9,17.5,11.3,34.6,86.0
Pakistan,2016,24.3,37.5,9.0,13.4,15.8,60.2
Pakistan,2017,55.9,13.4,7.8,6.7,16.3,74.9
Pakistan,2018,16.8,27.6,18.3,0.7,36.7,72.8
Pakistan,2019,49.6,30.7,26.7,14.0,0.0,72.4
Pakistan,2020,10.5,18.2,30.0,19.6,21.8,79.8
Pakistan,2021,5.5,14.2,14.7,11.6,54.0,63.0
Pakistan,2022,56.9,21.0,32.4,15.6,0.0,90.2
China,1990,38.4,28.8,24.1,12.6,0.0,82.1
China,1991,59.3,32.0,28.3,17.4,0.0,68.6
China,1992,9.6,24.5,20.4,16.6,28.9,77.8
China,1993,36.4,25.8,6.1,12.3,19.3,93.1
China,1994,13.7,27.8,22.8,3.3,32.4,64.9
China,1995,58.9,21.8,11.8,3.4,4.0,86.7
China,1996,38.5,29.3,7.6,17.9,6.7,75.6
China,1997,22.2,23.9,16.7,17.3,19.9,97.2
China,1998,21.7,35.9,28.4,18.6,0.0,69.8
China,1999,36.7,18.2,29.7,0.1,15.2,82.6
China,2000,23.7,19.7,24.3,17.0,15.3,84.4
China,2001,51.9,17.9,20.6,9.0,0.5,60.5
China,2002,35.6,29.8,22.8,14.7,0.0,82.9
China,2003,8.7,13.5,22.9,5.5,49.4,63.2
China,2004,28.6,26.6,14.9,14.4,15.5,85.8
China,2005,23.3,32.6,24.5,12.7,6.8,82.1
China,2006,5.6,30.9,16.3,18.9,28.3,92.7
China,2007,37.3,17.6,11.1,6.8,27.2,79.1
China,2008,21.3,25.4,10.0,19.6,23.8,64.3
China,2009,56.3,37.4,20.8,14.5,0.0,77.4
China,2010,39.7,20.2,14.0,11.6,14.5,79.9
China,2011,36.9,18.6,16.0,1.7,26.8,62.1
China,2012,18.9,12.2,8.1,16.3,44.5,61.6
China,2013,41.2,18.2,31.1,9.7,0.0,72.2
China,2014,33.5,21.5,21.9,2.3,20.9,99.9
China,2015,28.4,20.4,26.3,7.3,17.6,93.3
China,2016,30.0,31.6,8.2,16.9,13.3,89.4
China,2017,16.6,14.4,14.5,19.5,35.0,70.3
China,2018,30.1,10.9,16.9,11.4,30.7,98.1
China,2019,33.4,34.6,21.4,0.8,9.8,72.6
China,2020,36.7,38.5,30.8,4.6,0.0,68.8
China,2021,16.1,37.7,30.6,15.5,0.2,75.7
China,2022,32.7,23.9,12.6,10.1,20.6,61.2
Thailand,1990,12.2,36.6,27.6,8.5,15.1,80.7
Thailand,1991,25.3,32.2,28.5,15.3,0.0,88.9
Thailand,1992,16.2,20.1,19.1,6.6,37.9,90.2
Thailand,1993,23.1,14.1,17.0,19.6,26.2,69.0
Thailand,1994,38.7,23.0,7.1,9.8,21.5,88.1
Thailand,1995,33.2,36.2,13.7,1.7,15.2,97.5
Thailand,1996,25.8,27.3,28.8,6.5,11.7,88.6
Thailand,1997,12.4,18.7,9.3,16.2,43.2,68.9
Thailand,1998,44.5,38.3,20.8,10.8,0.0,78.4
Thailand,1999,22.9,24.3,23.1,19.7,10.0,97.5
Thailand,2000,52.4,36.7,19.0,13.1,0.0,95.8
Thailand,2001,26.6,38.9,17.5,12.0,5.0,88.4
Thailand,2002,57.3,17.3,27.4,10.4,0.0,70.7
Thailand,2003,47.7,26.6,24.8,6.5,0.0,79.3
Thailand,2004,39.0,22.1,11.0,19.2,8.7,80.5
Thailand,2005,45.4,22.3,15.7,8.1,8.5,76.4
Thailand,2006,34.9,26.3,19.9,2.7,16.2,79.8
Thailand,2007,14.3,13.8,33.0,12.1,26.8,86.4
Thailand,2008,27.1,37.3,24.1,15.4,0.0,74.7
Thailand,2009,57.8,34.6,30.6,3.4,0.0,70.8
Thailand,2010,20.7,18.1,30.7,0.6,29.9,63.0
Thailand,2011,20.1,16.0,12.0,16.0,36.0,82.5
Thailand,2012,5.3,22.9,17.2,2.3,52.3,87.0
Thailand,2013,43.6,31.6,26.9,0.0,0.0,98.2
Thailand,2014,49.8,37.1,5.5,18.7,0.0,92.4
Thailand,2015,51.0,12.8,27.2,19.2,0.0,87.1
Thailand,2016,36.4,38.4,18.3,12.0,0.0,79.1
Thailand,2017,56.3,12.3,20.0,13.7,0.0,91.7
Thailand,2018,37.1,37.3,33.3,1.3,0.0,76.1
Thailand,2019,6.3,19.9,21.1,18.2,34.5,93.9
Thailand,2020,12.0,12.8,22.7,10.6,41.9,70.7
Thailand,2021,54.5,37.8,17.1,17.8,0.0,75.4
Thailand,2022,45.5,24.3,8.7,18.6,3.0,78.2
Saudi Arabia,1990,45.4,21.0,5.6,2.0,26.0,79.8
Saudi Arabia,1991,42.9,20.0,25.9,14.0,0.0,88.2
Saudi Arabia,1992,32.1,37.4,19.7,9.0,1.8,68.0
Saudi Arabia,1993,21.9,11.3,24.0,5.0,37.8,72.2
Saudi Arabia,1994,47.4,19.8,12.3,3.4,17.1,91.0
Saudi Arabia,1995,12.1,23.6,20.2,13.7,30.3,85.3
Saudi Arabia,1996,49.6,11.3,13.9,5.6,19.6,65.8
Saudi Arabia,1997,20.9,19.3,20.7,13.3,25.9,75.2
Saudi Arabia,1998,44.6,20.1,13.7,10.8,10.8,60.9
Saudi Arabia,1999,9.4,22.5,33.3,14.4,20.4,63.5
Saudi Arabia,2000,51.5,32.0,23.3,16.4,0.0,76.2
Saudi Arabia,2001,17.2,25.4,21.5,10.8,25.2,82.6
Saudi Arabia,2002,57.2,37.1,31.3,16.0,0.0,97.7
Saudi Arabia,2003,10.4,18.0,19.9,16.9,34.8,80.2
Saudi Arabia,2004,46.1,14.2,12.6,14.6,12.5,66.6
Saudi Arabia,2005,24.3,17.9,15.5,14.2,28.1,74.7
Saudi Arabia,2006,35.5,13.0,29.2,7.4,14.9,85.9
Saudi Arabia,2007,44.9,16.3,31.5,12.3,0.0,77.1
Saudi Arabia,2008,15.0,38.3,27.7,4.2,14.9,73.5
Saudi Arabia,2009,49.5,30.9,28.0,8.8,0.0,88.7
Saudi Arabia,2010,26.3,16.3,24.0,19.5,13.9,72.4
Saudi Arabia,2011,30.4,30.2,21.2,16.9,1.3,90.5
Saudi Arabia,2012,8.2,40.0,27.6,17.3,7.0,86.0
Saudi Arabia,2013,52.1,13.4,15.4,17.5,1.6,68.1
Saudi Arabia,2014,9.3,33.6,30.1,3.3,23.7,94.2
Saudi Arabia,2015,42.8,25.6,29.9,8.4,0.0,67.8
Saudi Arabia,2016,20.7,25.2,20.9,16.1,17.1,91.7
Saudi Arabia,2017,37.0,33.4,10.8,1.0,17.8,94.9
Saudi Arabia,2018,9.2,17.4,25.9,8.2,39.4,95.1
Saudi Arabia,2019,21.4,10.4,14.0,11.6,42.7,75.0
Saudi Arabia,2020,34.4,36.3,32.4,5.3,0.0,78.5
Saudi Arabia,2021,35.2,38.5,35.0,4.7,0.0,89.1
Saudi Arabia,2022,25.8,10.2,5.3,9.2,49.5,79.5
Canada,1990,6.2,30.6,13.8,11.2,38.1,72.0
Canada,1991,14.2,22.2,12.0,10.7,40.9,68.0
Canada,1992,33.0,14.7,25.1,15.1,12.1,64.4
Canada,1993,30.7,12.1,22.9,5.3,28.9,81.1
Canada,1994,33.5,37.7,21.5,11.7,0.0,76.1
Canada,1995,57.2,33.3,13.6,16.9,0.0,77.3
Canada,1996,50.6,34.7,10.7,14.0,0.0,71.6
Canada,1997,21.4,18.9,26.8,4.6,28.4,60.0
Canada,1998,44.3,15.1,8.1,4.8,27.6,75.2
Canada,1999,31.2,11.3,34.1,14.3,9.0,72.9
Canada,2000,22.5,23.5,23.8,2.9,27.3,67.6
Canada,2001,52.3,17.7,16.4,17.4,0.0,86.5
Canada,2002,23.8,30.5,5.6,14.7,25.4,79.5
Canada,2003,49.7,38.6,32.8,18.2,0.0,80.5
Canada,2004,24.8,24.0,25.7,17.7,7.9,68.3
Canada,2005,55.5,34.5,34.4,17.6,0.0,71.2
Canada,2006,10.8,13.4,13.7,12.3,49.8,92.2
Canada,2007,54.5,28.7,5.2,3.7,7.9,64.0
Canada,2008,25.0,25.0,6.3,7.0,36.7,67.2
Canada,2009,40.6,23.9,19.9,8.6,7.1,98.2
Canada,2010,16.8,25.5,27.1,11.1,19.5,97.2
Canada,2011,25.8,23.9,7.7,12.2,30.5,71.5
Canada,2012,13.8,26.3,21.0,1.5,37.4,87.9
Canada,2013,39.3,15.7,19.1,14.4,11.5,81.2
Canada,2014,26.8,19.7,23.3,18.8,11.5,86.9
Canada,2015,9.1,23.8,31.7,1.9,33.5,99.6
Canada,2016,57.2,12.3,33.0,7.3,0.0,93.8
Canada,2017,28.0,23.2,24.0,15.5,9.2,61.4
Canada,2018,37.6,15.6,15.4,7.0,24.4,78.8
Canada,2019,23.4,13.2,9.4,0.7,53.4,78.8
Canada,2020,57.5,13.5,33.4,14.7,0.0,85.5
Canada,2021,40.5,34.8,8.2,10.1,6.4,87.9
Canada,2022,37.3,35.0,7.2,13.8,6.8,81.4
Italy,1990,25.9,20.2,23.6,17.8,12.5,79.8
Italy,1991,50.4,22.1,8.1,1.2,18.3,62.1
Italy,1992,25.9,20.1,26.5,14.9,12.6,62.0
Italy,1993,17.2,18.2,21.4,2.9,40.3,65.4
Italy,1994,56.9,34.1,10.4,8.1,0.0,74.2
Italy,1995,48.5,25.3,8.8,14.8,2.6,75.9
Italy,1996,19.5,21.3,19.9,6.9,32.5,69.7
Italy,1997,26.9,10.6,28.2,3.4,30.9,61.8
Italy,1998,41.0,33.2,29.4,9.9,0.0,68.2
Italy,1999,45.5,31.0,12.4,18.1,0.0,64.2
Italy,2000,59.0,35.8,25.6,18.8,0.0,88.9
Italy,2001,15.5,23.3,7.1,7.8,46.3,89.7
Italy,2002,26.3,19.9,22.9,17.4,13.5,61.9
Italy,2003,26.2,14.7,25.9,2.1,31.1,86.6
Italy,2004,20.7,16.0,33.1,0.4,29.8,77.5
Italy,2005,6.2,24.5,20.0,6.4,42.8,65.3
Italy,2006,25.7,30.2,28.5,10.6,5.0,83.6
Italy,2007,16.0,18.6,9.9,5.0,50.5,69.0
Italy,2008,33.6,26.9,33.3,3.9,2.3,85.7
Italy,2009,49.9,26.8,12.7,5.3,5.3,61.6
Italy,2010,21.8,32.3,6.4,4.4,35.1,88.2
Italy,2011,48.0,23.7,25.9,7.8,0.0,66.4
Italy,2012,26.9,27.4,33.4,1.4,10.9,80.3
Italy,2013,23.1,25.2,5.7,6.3,39.7,92.8
Italy,2014,35.5,23.5,13.6,6.0,21.5,75.3
Italy,2015,51.0,39.0,18.2,7.9,0.0,93.9
Italy,2016,28.5,26.6,11.9,14.9,18.2,81.3
Italy,2017,49.5,33.4,11.5,14.3,0.0,92.0
Italy,2018,24.0,15.2,5.1,9.0,46.7,74.1
Italy,2019,35.5,15.6,30.8,5.2,12.9,69.1
Italy,2020,31.4,25.0,11.5,5.4,26.7,66.8
Italy,2021,44.5,33.1,18.9,14.3,0.0,89.4
Italy,2022,12.6,39.0,29.6,4.1,14.7,67.4
Bangladesh,1990,11.9,14.2,27.4,9.4,37.1,91.3
Bangladesh,1991,46.0,28.1,25.6,0.4,0.0,72.5
Bangladesh,1992,40.1,10.3,6.0,17.0,26.6,87.4
Bangladesh,1993,19.6,30.6,28.8,6.1,14.9,61.4
Bangladesh,1994,56.3,20.4,8.2,9.8,5.3,90.7
Bangladesh,1995,17.2,18.1,12.3,19.8,32.6,67.9
Bangladesh,1996,36.7,37.8,9.4,19.4,0.0,97.9
Bangladesh,1997,53.7,16.4,24.0,15.2,0.0,99.4
Bangladesh,1998,14.9,33.0,15.2,3.5,33.4,76.9
Bangladesh,1999,48.7,23.9,21.1,19.9,0.0,76.0
Bangladesh,2000,38.8,21.0,16.8,13.9,9.5,97.5
Bangladesh,2001,34.8,33.1,7.7,4.2,20.2,80.1
Bangladesh,2002,6.1,17.6,20.5,0.3,55.5,70.6
Bangladesh,2003,33.3,27.2,32.8,12.9,0.0,76.6
Bangladesh,2004,56.2,33.5,11.0,2.6,0.0,87.0
Bangladesh,2005,35.8,33.7,27.2,12.5,0.0,99.5
Bangladesh,2006,34.3,13.4,29.8,5.0,17.4,91.1
Bangladesh,2007,57.6,30.9,22.9,9.2,0.0,74.6
Bangladesh,2008,24.4,29.1,27.5,13.6,5.4,67.9
Bangladesh,2009,32.2,33.7,19.3,10.7,4.1,90.8
Bangladesh,2010,41.4,22.3,31.9,3.3,1.2,99.8
Bangladesh,2011,11.5,10.4,31.7,4.9,41.4,89.2
Bangladesh,2012,49.6,35.8,34.7,5.9,0.0,88.4
Bangladesh,2013,11.3,22.2,30.4,7.4,28.7,83.6
Bangladesh,2014,32.7,29.4,34.2,1.1,2.6,83.0
Bangladesh,2015,52.5,24.4,7.4,11.2,4.5,73.3
Bangladesh,2016,13.5,35.5,20.6,18.7,11.7,92.2
Bangladesh,2017,43.1,10.2,17.8,3.9,25.0,96.4
Bangladesh,2018,14.6,18.6,20.5,5.3,41.0,68.4
Bangladesh,2019,38.0,12.7,6.7,7.4,35.2,88.8
Bangladesh,2020,35.5,22.7,22.0,7.3,12.5,97.4
Bangladesh,2021,8.0,30.2,31.7,16.1,14.0,67.4
Bangladesh,2022,21.3,31.5,7.5,16.2,23.4,88.8
Japan,1990,45.1,13.0,26.5,13.6,1.7,93.2
Japan,1991,7.3,10.7,16.2,3.0,62.9,82.3
Japan,1992,55.5,21.7,30.3,0.0,0.0,66.7
Japan,1993,6.7,19.8,32.2,1.9,39.3,84.3
Japan,1994,29.8,38.2,8.7,4.2,19.1,61.2
Japan,1995,28.9,18.3,31.1,12.1,9.6,84.6
Japan,1996,34.3,12.8,18.4,20.0,14.6,93.4
Japan,1997,54.1,34.7,8.1,4.5,0.0,60.1
Japan,1998,21.7,13.3,19.2,13.5,32.3,95.0
Japan,1999,46.2,38.2,6.6,0.2,8.8,86.5
Japan,2000,20.9,17.6,14.9,5.4,41.2,80.5
Japan,2001,29.2,25.4,25.2,7.7,12.5,70.1
Japan,2002,14.1,20.5,27.3,15.1,23.0,86.7
Japan,2003,17.9,27.6,22.1,9.7,22.7,82.0
Japan,2004,32.0,27.0,26.5,2.2,12.3,90.0
Japan,2005,12.5,12.0,34.3,19.1,22.1,62.4
Japan,2006,29.4,15.6,19.6,16.6,18.9,98.0
Japan,2007,39.9,20.6,23.1,6.2,10.2,96.4
Japan,2008,52.9,26.7,14.7,5.9,0.0,61.3
Japan,2009,49.9,23.5,14.8,9.4,2.4,92.7
Japan,2010,11.9,35.7,31.9,18.9,1.6,75.9
Japan,2011,16.9,21.2,15.0,3.5,43.3,84.3
Japan,2012,31.2,36.0,6.0,12.9,14.0,90.5
Japan,2013,46.8,36.6,26.9,18.6,0.0,73.3
Japan,2014,32.7,10.4,5.2,4.8,46.9,64.0
Japan,2015,19.3,15.3,5.9,18.2,41.3,60.3
Japan,2016,45.5,14.6,32.4,17.9,0.0,86.2
Japan,2017,42.0,10.2,34.5,17.6,0.0,95.8
Japan,2018,41.3,20.3,31.8,5.8,0.8,82.5
Japan,2019,10.5,37.7,9.2,4.5,38.1,82.3
Japan,2020,47.0,28.6,12.0,0.0,12.4,90.3
Japan,2021,59.2,34.3,18.8,18.1,0.0,76.4
Japan,2022,33.9,24.3,18.4,15.5,7.9,81.1
Vietnam,1990,22.4,17.7,6.1,11.7,42.0,69.2
Vietnam,1991,13.1,29.6,25.4,15.0,16.8,80.1
Vietnam,1992,54.2,38.1,29.2,12.7,0.0,72.1
Vietnam,1993,59.1,18.2,11.1,8.8,2.8,62.3
Vietnam,1994,58.8,27.7,21.7,13.1,0.0,79.9
Vietnam,1995,6.8,28.4,26.5,8.3,30.0,90.3
Vietnam,1996,17.5,16.6,9.8,7.4,48.6,93.9
Vietnam,1997,50.5,21.5,22.7,14.4,0.0,69.6
Vietnam,1998,14.2,39.2,23.5,19.6,3.4,73.5
Vietnam,1999,43.7,16.7,12.8,10.2,16.6,72.8
Vietnam,2000,14.2,17.9,6.1,14.1,47.7,79.7
Vietnam,2001,10.2,15.2,8.1,12.3,54.3,63.8
Vietnam,2002,46.5,10.6,12.5,17.8,12.6,88.7
Vietnam,2003,9.0,34.6,19.8,16.9,19.6,84.0
Vietnam,2004,42.5,39.8,12.0,12.5,0.0,78.4
Vietnam,2005,7.2,10.4,8.6,13.0,60.8,82.7
Vietnam,2006,35.4,11.0,19.1,18.5,16.0,75.9
Vietnam,2007,39.4,33.4,28.5,10.4,0.0,94.3
Vietnam,2008,26.5,36.7,12.2,5.6,19.0,62.1
Vietnam,2009,48.8,22.5,11.9,4.6,12.2,96.1
Vietnam,2010,50.9,26.6,23.5,9.5,0.0,75.7
Vietnam,2011,55.4,13.8,17.6,6.9,6.4,79.9
Vietnam,2012,30.2,25.6,9.2,10.3,24.8,69.7
Vietnam,2013,15.1,11.9,27.9,8.5,36.5,85.1
Vietnam,2014,45.0,30.4,19.1,7.8,0.0,75.0
Vietnam,2015,40.2,24.8,30.5,17.5,0.0,66.8
Vietnam,2016,12.5,28.9,14.0,0.4,44.2,95.5
Vietnam,2017,17.5,37.9,26.5,15.3,2.9,68.1
Vietnam,2018,17.9,25.6,10.2,6.1,40.2,72.9
Vietnam,2019,13.8,16.2,28.7,3.3,38.1,61.1
Vietnam,2020,39.6,39.3,14.9,2.4,3.8,82.8
Vietnam,2021,54.8,33.5,23.7,6.3,0.0,81.7
Vietnam,2022,10.0,30.4,26.8,19.3,13.6,70.4
Ukraine,1990,6.0,26.4,26.2,15.8,25.6,67.7
Ukraine,1991,19.4,25.4,14.9,17.2,23.1,79.0
Ukraine,1992,49.0,27.4,28.2,6.7,0.0,93.3
Ukraine,1993,20.1,26.4,11.4,9.5,32.6,72.7
Ukraine,1994,19.7,39.0,9.8,15.7,15.8,99.4
Ukraine,1995,6.1,31.0,12.6,0.8,49.5,76.1
Ukraine,1996,56.4,10.4,22.6,10.0,0.5,94.9
Ukraine,1997,9.6,30.4,25.4,13.4,21.1,97.7
Ukraine,1998,50.3,11.3,19.1,8.0,11.4,72.4
Ukraine,1999,29.8,21.5,18.0,19.6,11.1,63.5
Ukraine,2000,55.7,24.4,23.7,16.6,0.0,74.4
Ukraine,2001,28.7,22.3,16.2,18.5,14.3,93.2
Ukraine,2002,11.0,13.2,17.8,2.0,56.0,84.8
Ukraine,2003,12.9,25.7,5.2,6.3,49.9,87.1
Ukraine,2004,31.6,39.3,31.2,7.2,0.0,61.8
Ukraine,2005,51.5,37.3,29.6,2.6,0.0,99.9
Ukraine,2006,19.2,31.7,32.2,4.7,12.1,96.3
Ukraine,2007,22.0,39.3,13.4,19.1,6.2,62.1
Ukraine,2008,44.0,26.0,19.3,4.5,6.2,88.2
Ukraine,2009,15.5,26.6,12.6,19.1,26.2,61.1
Ukraine,2010,16.0,17.3,17.4,4.7,44.7,79.7
Ukraine,2011,53.0,31.4,22.4,1.8,0.0,87.8
Ukraine,2012,14.2,33.6,12.5,8.3,31.4,74.0
Ukraine,2013,52.2,13.8,22.0,2.8,9.2,88.2
Ukraine,2014,54.8,23.0,19.6,18.5,0.0,80.8
Ukraine,2015,31.8,27.3,25.7,2.1,13.0,92.8
Ukraine,2016,29.0,12.2,28.6,7.5,22.8,64.0
Ukraine,2017,39.9,36.4,31.6,19.2,0.0,94.7
Ukraine,2018,5.1,21.4,29.6,7.3,36.6,84.1
Ukraine,2019,38.3,21.0,32.1,10.1,0.0,78.6
Ukraine,2020,59.9,24.8,10.4,10.3,0.0,92.6
Ukraine,2021,47.7,33.7,26.2,5.1,0.0,94.5
Ukraine,2022,54.1,15.8,8.9,19.5,1.6,94.7
Spain,1990,54.1,36.6,21.3,12.9,0.0,81.8
Spain,1991,7.8,32.4,20.2,13.0,26.7,80.1
Spain,1992,32.0,15.2,13.4,3.2,36.3,67.8
Spain,1993,58.5,14.6,13.1,11.8,2.0,84.4
Spain,1994,13.5,33.8,28.6,4.7,19.4,71.5
Spain,1995,56.6,34.8,25.9,1.6,0.0,76.7
Spain,1996,35.8,15.6,18.4,12.0,18.1,73.1
Spain,1997,48.0,35.2,14.7,16.8,0.0,64.1
Spain,1998,51.1,14.6,7.5,12.8,14.0,78.9
Spain,1999,54.9,20.9,13.6,10.0,0.5,78.2
Spain,2000,23.9,30.8,27.8,17.1,0.4,98.9
Spain,2001,19.7,31.5,16.8,13.5,18.5,79.0
Spain,2002,59.7,31.9,33.6,16.7,0.0,96.1
Spain,2003,49.8,23.8,12.6,7.4,6.5,60.8
Spain,2004,33.8,25.2,20.8,19.5,0.8,96.5
Spain,2005,13.9,21.1,17.7,7.2,40.1,91.9
Spain,2006,33.8,27.2,30.6,16.1,0.0,65.3
Spain,2007,44.3,23.1,13.8,1.0,17.8,79.5
Spain,2008,24.5,17.5,25.8,15.4,16.7,69.8
Spain,2009,7.7,35.5,5.3,18.7,32.8,85.1
Spain,2010,22.7,17.4,5.3,4.7,49.9,65.5
Spain,2011,38.7,15.0,20.9,11.8,13.7,71.9
Spain,2012,6.9,11.1,5.8,14.8,61.4,72.7
Spain,2013,48.8,23.0,18.6,10.3,0.0,88.5
Spain,2014,20.0,13.6,21.7,6.5,38.1,77.7
Spain,2015,40.6,24.8,23.6,10.9,0.1,89.6
Spain,2016,43.8,26.0,25.4,17.5,0.0,77.3
Spain,2017,27.7,32.9,22.5,1.4,15.5,95.7
Spain,2018,6.7,32.5,27.8,19.1,14.0,62.2
Spain,2019,37.8,22.8,14.9,1.8,22.6,82.5
Spain,2020,31.3,13.1,23.4,14.8,17.4,90.7
Spain,2021,54.8,22.3,33.6,17.3,0.0,71.9
Spain,2022,13.8,23.1,17.1,11.5,34.6,83.3
Netherlands,1990,46.2,25.3,8.1,17.2,3.1,72.4
Netherlands,1991,58.4,13.5,33.7,1.8,0.0,69.2
Netherlands,1992,7.6,31.2,30.5,8.7,22.1,97.1
Netherlands,1993,37.5,28.9,30.4,5.9,0.0,74.2
Netherlands,1994,54.8,37.0,34.3,18.0,0.0,65.1
Netherlands,1995,50.3,22.3,34.7,9.4,0.0,82.2
Netherlands,1996,34.1,19.7,7.3,17.9,21.0,92.1
Netherlands,1997,12.7,33.3,23.8,8.2,22.1,70.2
Netherlands,1998,52.3,31.0,21.4,12.2,0.0,63.6
Netherlands,1999,31.1,15.8,11.3,13.2,28.6,96.5
Netherlands,2000,27.2,16.2,24.5,17.4,14.7,89.9
Netherlands,2001,52.8,26.1,27.6,2.8,0.0,73.9
Netherlands,2002,26.4,25.3,32.9,17.5,0.0,65.4
Netherlands,2003,14.5,20.7,13.7,12.3,38.7,96.1
Netherlands,2004,57.9,29.6,30.1,10.5,0.0,68.3
Netherlands,2005,33.9,26.7,27.3,4.4,7.8,74.7
Netherlands,2006,25.0,38.8,18.3,15.1,2.8,90.0
Netherlands,2007,19.6,27.2,31.8,9.5,11.9,97.8
Netherlands,2008,16.8,12.2,31.7,17.0,22.3,99.7
Netherlands,2009,42.4,38.1,29.8,16.9,0.0,82.8
Netherlands,2010,26.0,38.0,18.0,10.8,7.2,77.8
Netherlands,2011,36.1,24.1,6.4,17.6,15.7,77.8
Netherlands,2012,37.4,14.2,5.1,4.9,38.4,88.2
Netherlands,2013,10.5,37.3,11.5,4.1,36.7,67.3
Netherlands,2014,5.8,33.2,31.3,12.3,17.5,67.5
Netherlands,2015,20.7,24.3,33.6,4.9,16.5,89.3
Netherlands,2016,29.2,18.9,18.7,1.4,31.8,91.9
Netherlands,2017,18.4,31.8,7.1,19.1,23.7,67.7
Netherlands,2018,53.6,34.3,34.0,9.6,0.0,89.1
Netherlands,2019,25.4,15.5,18.3,3.3,37.5,99.3
Netherlands,2020,10.3,27.7,23.8,10.8,27.5,86.5
Netherlands,2021,11.4,26.7,13.6,18.8,29.5,90.5
Netherlands,2022,58.5,11.1,13.6,3.9,12.9,60.4
USA,1990,18.3,30.4,11.9,10.2,29.2,95.5
USA,1991,43.2,21.8,16.2,9.1,9.7,67.1
USA,1992,39.9,20.9,30.6,15.1,0.0,84.4
USA,1993,25.0,16.3,28.3,9.7,20.7,69.0
USA,1994,15.7,15.0,28.3,4.6,36.4,81.1
USA,1995,29.8,27.4,31.3,17.4,0.0,78.0
USA,1996,5.8,22.8,23.2,11.2,37.0,86.1
USA,1997,13.5,29.4,10.5,15.0,31.6,73.6
USA,1998,44.0,11.4,17.2,14.1,13.2,69.1
USA,1999,48.7,28.9,22.6,7.1,0.0,79.3
USA,2000,37.9,24.2,25.9,8.7,3.3,68.1
USA,2001,16.8,10.2,14.0,15.0,44.1,91.8
USA,2002,16.1,38.8,20.1,18.3,6.7,88.3
USA,2003,44.7,12.6,11.6,0.2,30.9,88.6
USA,2004,23.9,33.6,15.2,16.4,10.9,65.2
USA,2005,14.5,20.2,17.3,7.0,41.0,90.5
USA,2006,10.3,20.5,30.1,1.3,37.7,97.7
USA,2007,59.2,12.7,13.7,7.4,6.9,91.1
USA,2008,37.8,29.3,27.7,2.4,2.8,93.3
USA,2009,43.8,27.3,31.7,14.0,0.0,68.1
USA,2010,28.6,24.8,6.7,19.1,20.8,65.1
USA,2011,43.4,25.2,5.8,18.5,7.2,94.1
USA,2012,33.8,16.9,8.6,7.3,33.4,70.2
USA,2013,32.9,39.0,22.2,17.8,0.0,86.0
USA,2014,31.1,35.6,19.1,17.4,0.0,71.7
USA,2015,12.1,35.7,22.6,17.8,11.9,97.5
USA,2016,7.9,25.0,16.2,12.5,38.3,91.7
USA,2017,20.4,26.7,26.3,2.7,23.9,92.6
USA,2018,38.3,38.5,15.2,2.2,5.8,80.3
USA,2019,9.7,39.1,6.2,15.1,30.0,81.0
USA,2020,25.3,12.0,23.7,11.7,27.4,71.2
USA,2021,55.1,19.1,18.5,10.9,0.0,64.0
USA,2022,56.3,21.2,7.4,7.7,7.3,84.0
Germany,1990,33.3,30.8,6.7,5.7,23.6,92.8
Germany,1991,9.4,35.7,7.8,16.7,30.5,74.4
Germany,1992,38.7,14.6,7.0,4.3,35.4,65.1
Germany,1993,22.2,25.4,22.7,15.8,13.9,86.2
Germany,1994,38.5,22.4,19.2,8.3,11.7,93.7
Germany,1995,17.7,10.2,24.5,4.0,43.6,95.6
Germany,1996,52.2,12.3,8.2,9.9,17.4,84.4
Germany,1997,20.1,31.5,22.8,6.5,19.0,61.0
Germany,1998,46.3,16.4,30.0,8.4,0.0,83.1
Germany,1999,53.0,35.9,16.1,4.2,0.0,91.0
Germany,2000,28.8,15.8,32.1,4.0,19.3,61.0
Germany,2001,6.1,28.7,24.9,6.2,34.1,72.8
Germany,2002,23.7,30.4,6.7,18.6,20.6,68.9
Germany,2003,60.0,15.1,28.1,4.5,0.0,63.2
Germany,2004,53.1,35.8,17.1,14.0,0.0,82.3
Germany,2005,51.9,19.5,20.7,9.7,0.0,74.2
Germany,2006,54.0,15.0,9.5,11.5,10.0,86.3
Germany,2007,15.7,21.7,33.4,4.9,24.2,86.7
Germany,2008,45.7,23.4,33.1,14.7,0.0,78.3
Germany,2009,36.3,30.8,22.8,17.6,0.0,74.3
Germany,2010,21.5,16.4,6.1,0.9,55.1,94.8
Germany,2011,42.3,29.8,23.4,17.0,0.0,79.2
Germany,2012,52.9,20.8,32.8,14.0,0.0,70.3
Germany,2013,36.0,26.0,9.1,11.8,17.0,72.6
Germany,2014,7.9,38.5,24.2,17.5,11.9,87.0
Germany,2015,24.6,25.4,25.3,19.2,5.5,70.1
Germany,2016,53.1,37.7,25.1,18.6,0.0,75.9
Germany,2017,57.4,31.1,6.3,18.1,0.0,79.4
Germany,2018,30.3,27.0,9.5,9.4,23.8,93.2
Germany,2019,5.9,18.2,5.1,8.3,62.6,89.1
Germany,2020,48.9,38.4,23.3,5.1,0.0,97.0
Germany,2021,47.6,27.2,25.9,18.5,0.0,88.5
Germany,2022,25.3,31.4,6.2,7.7,29.4,76.3
Argentina,1990,14.2,10.7,9.0,13.1,53.0,92.1
Argentina,1991,59.4,20.4,23.0,18.7,0.0,66.7
Argentina,1992,44.5,32.6,7.7,17.2,0.0,92.5
Argentina,1993,6.8,12.7,6.5,6.7,67.3,80.4
Argentina,1994,34.3,18.0,32.3,7.4,8.0,61.8
Argentina,1995,21.5,25.9,17.2,5.5,29.8,65.3
Argentina,1996,50.1,39.9,14.9,7.6,0.0,84.7
Argentina,1997,44.5,21.8,32.1,11.2,0.0,78.0
Argentina,1998,40.6,38.6,28.8,0.8,0.0,73.3
Argentina,1999,30.9,19.4,26.0,16.5,7.2,89.3
Argentina,2000,59.4,18.2,31.2,15.3,0.0,74.5
Argentina,2001,45.4,13.1,28.7,10.6,2.2,71.7
Argentina,2002,41.1,29.2,11.3,0.6,17.8,77.3
Argentina,2003,36.3,36.3,32.8,10.6,0.0,90.2
Argentina,2004,29.2,32.4,11.1,7.4,19.9,85.4
Argentina,2005,6.0,31.7,30.1,8.0,24.3,77.9
Argentina,2006,51.8,33.3,13.6,6.5,0.0,87.2
Argentina,2007,36.0,14.9,14.3,18.0,16.9,87.5
Argentina,2008,59.2,33.0,33.3,4.3,0.0,90.9
Argentina,2009,6.1,30.1,19.1,6.9,37.8,94.5
Argentina,2010,52.0,10.7,23.3,7.4,6.7,76.6
Argentina,2011,50.8,19.3,33.3,3.6,0.0,86.5
Argentina,2012,42.0,17.6,14.7,16.7,9.0,90.5
Argentina,2013,23.1,26.0,6.9,4.2,39.9,79.4
Argentina,2014,9.7,35.3,26.5,18.9,9.6,87.7
Argentina,2015,56.7,26.6,23.0,19.5,0.0,85.7
Argentina,2016,6.7,31.7,32.2,15.9,13.5,83.4
Argentina,2017,41.9,39.7,7.7,13.3,0.0,71.3
Argentina,2018,40.2,28.2,9.6,4.1,17.8,84.9
Argentina,2019,12.1,18.0,30.1,6.5,33.4,79.5
Argentina,2020,56.8,16.8,16.7,12.1,0.0,90.2
Argentina,2021,54.6,37.5,28.3,4.6,0.0,61.0
Argentina,2022,26.1,14.2,26.3,13.2,20.1,61.8
Mexico,1990,51.0,17.5,18.0,13.4,0.2,77.2
Mexico,1991,29.3,12.0,17.0,15.3,26.4,96.6
Mexico,1992,27.7,22.7,26.1,18.9,4.6,70.7
Mexico,1993,29.2,33.9,23.3,2.2,11.4,85.1
Mexico,1994,15.3,25.3,20.9,17.5,21.0,78.5
Mexico,1995,20.4,16.9,31.2,3.4,28.1,77.0
Mexico,1996,15.3,33.2,19.2,7.0,25.3,74.4
Mexico,1997,51.9,26.6,26.5,17.9,0.0,96.1
Mexico,1998,23.1,38.6,5.7,7.5,25.1,95.8
Mexico,1999,20.1,18.2,14.1,12.2,35.4,77.5
Mexico,2000,45.0,36.8,25.2,4.1,0.0,97.3
Mexico,2001,19.5,14.5,7.7,11.3,47.0,64.6
Mexico,2002,12.6,19.0,13.4,12.1,42.8,92.7
Mexico,2003,46.9,17.9,12.4,19.3,3.6,60.3
Mexico,2004,53.4,16.0,33.4,6.8,0.0,77.6
Mexico,2005,43.9,27.6,14.5,11.1,2.9,89.2
Mexico,2006,7.3,10.3,18.7,2.6,61.0,86.6
Mexico,2007,16.8,23.0,10.9,11.0,38.3,64.6
Mexico,2008,6.3,11.5,33.6,2.8,45.7,88.3
Mexico,2009,8.7,13.2,20.3,9.3,48.5,98.1
Mexico,2010,57.0,33.4,23.1,9.1,0.0,74.2
Mexico,2011,57.1,28.1,22.4,4.6,0.0,61.9
Mexico,2012,57.0,19.4,18.3,2.3,3.0,93.5
Mexico,2013,6.5,35.0,9.2,17.7,31.5,89.2
Mexico,2014,14.1,27.0,14.4,3.6,41.0,94.4
Mexico,2015,27.2,22.0,10.1,7.7,33.1,94.9
Mexico,2016,25.0,38.5,33.4,2.9,0.2,67.1
Mexico,2017,52.4,21.8,5.1,5.5,15.2,83.9
Mexico,2018,49.0,14.0,8.3,18.4,10.3,90.0
Mexico,2019,37.4,33.1,17.9,15.2,0.0,74.9
Mexico,2020,18.4,31.9,17.6,19.6,12.5,74.0
Mexico,2021,55.7,38.0,12.3,16.0,0.0,77.3
Mexico,2022,55.5,23.5,27.3,9.3,0.0,69.1
Malaysia,1990,16.0,22.8,27.7,12.1,21.5,87.5
Malaysia,1991,20.5,24.4,6.3,16.4,32.3,99.6
Malaysia,1992,27.4,10.3,10.1,13.1,39.1,84.5
Malaysia,1993,48.3,17.6,27.9,13.8,0.0,72.9
Malaysia,1994,35.0,14.4,18.6,17.6,14.4,76.8
Malaysia,1995,51.2,27.7,10.8,11.6,0.0,80.2
Malaysia,1996,26.9,13.6,17.5,1.5,40.5,64.0
Malaysia,1997,27.9,19.2,32.8,7.5,12.7,90.3
Malaysia,1998,34.2,31.1,12.8,18.8,3.1,81.2
Malaysia,1999,50.7,21.0,8.0,13.5,6.8,60.3
Malaysia,2000,31.1,15.8,23.8,19.6,9.7,78.6
Malaysia,2001,50.0,25.2,19.9,18.6,0.0,95.6
Malaysia,2002,48.2,18.9,21.4,4.5,7.1,77.8
Malaysia,2003,31.6,34.9,31.9,8.3,0.0,60.7
Malaysia,2004,52.4,15.2,23.7,0.5,8.2,76.0
Malaysia,2005,59.2,13.0,17.7,6.1,3.9,96.2
Malaysia,2006,52.8,17.1,7.4,12.5,10.1,73.5
Malaysia,2007,42.0,11.0,9.0,13.7,24.3,68.5
Malaysia,2008,52.2,11.8,11.5,20.0,4.6,77.3
Malaysia,2009,43.7,15.5,23.3,14.5,3.0,72.6
Malaysia,2010,50.6,28.1,16.7,11.2,0.0,83.1
Malaysia,2011,14.1,22.1,15.3,8.0,40.5,90.4
Malaysia,2012,31.5,38.2,13.8,8.3,8.1,91.5
Malaysia,2013,35.0,26.4,6.6,8.0,24.0,70.8
Malaysia,2014,60.0,19.3,31.5,13.5,0.0,73.6
Malaysia,2015,34.9,35.2,31.5,3.2,0.0,73.6
Malaysia,2016,23.4,11.3,22.9,17.1,25.3,75.3
Malaysia,2017,45.7,28.8,16.3,2.8,6.4,88.4
Malaysia,2018,52.0,30.6,5.5,4.3,7.6,62.8
Malaysia,2019,36.4,32.7,8.3,16.8,5.9,82.2
Malaysia,2020,42.9,39.1,7.5,18.0,0.0,65.0
Malaysia,2021,26.6,35.5,32.2,10.1,0.0,83.8
Malaysia,2022,43.9,35.0,8.6,16.2,0.0,79.3
Australia,1990,29.8,22.7,20.3,18.9,8.3,81.9
Australia,1991,57.4,15.4,26.7,16.2,0.0,87.2
Australia,1992,38.4,26.9,30.8,16.4,0.0,64.9
Australia,1993,51.7,22.4,12.6,17.4,0.0,77.3
Australia,1994,49.5,17.9,5.1,9.9,17.6,64.0
Australia,1995,46.5,18.3,18.3,1.7,15.2,71.5
Australia,1996,48.0,14.5,24.4,18.3,0.0,87.2
Australia,1997,49.6,13.3,12.5,17.9,6.7,88.6
Australia,1998,40.2,29.9,17.4,0.9,11.6,91.4
Australia,1999,42.3,24.2,32.0,6.7,0.0,71.8
Australia,2000,53.0,33.9,20.4,2.6,0.0,68.6
Australia,2001,41.1,21.6,30.1,19.0,0.0,92.2
Australia,2002,25.8,33.7,15.5,3.3,21.7,61.3
Australia,2003,26.2,37.1,12.2,4.1,20.4,98.8
Australia,2004,6.4,33.6,14.6,0.7,44.7,96.7
Australia,2005,12.7,26.6,13.2,1.3,46.2,62.0
Australia,2006,11.4,12.1,27.8,9.7,39.0,73.7
Australia,2007,28.0,37.9,32.3,14.3,0.0,95.4
Australia,2008,22.6,21.4,23.4,12.5,20.1,79.3
Australia,2009,27.0,39.6,29.6,8.7,0.0,89.1
Australia,2010,19.8,13.0,15.6,8.1,43.5,60.7
Australia,2011,49.8,20.8,22.4,1.5,5.5,67.0
Australia,2012,53.9,28.3,33.5,20.0,0.0,74.9
Australia,2013,21.4,35.8,35.0,12.6,0.0,91.8
Australia,2014,48.0,20.7,22.2,16.7,0.0,87.5
Australia,2015,6.2,20.1,9.3,4.7,59.7,96.2
Australia,2016,7.0,16.6,14.3,12.3,49.8,81.4
Australia,2017,17.0,14.9,12.1,10.1,45.9,70.8
Australia,2018,57.1,23.9,6.8,14.6,0.0,73.2
Australia,2019,40.9,18.4,22.1,15.4,3.1,97.1
Australia,2020,19.4,20.0,18.9,18.5,23.1,96.1
Australia,2021,9.9,14.0,19.9,2.1,54.1,73.8
Australia,2022,13.2,29.1,33.5,19.9,4.3,75.0
India,1990,37.9,35.7,8.5,13.8,4.1,76.4
India,1991,16.3,22.1,7.3,13.9,40.4,70.1
India,1992,22.1,13.6,30.9,9.9,23.4,82.9
India,1993,36.3,22.3,10.8,14.9,15.7,65.1
India,1994,10.7,31.3,11.3,6.1,40.6,79.0
India,1995,29.7,31.3,23.7,12.9,2.4,88.6
India,1996,21.1,19.7,18.1,6.1,34.9,99.4
India,1997,49.8,14.9,5.2,0.9,29.3,69.8
India,1998,11.3,26.0,30.7,14.7,17.2,68.6
India,1999,27.0,25.2,29.3,16.8,1.7,96.4
India,2000,33.0,30.8,8.4,11.3,16.5,69.9
India,2001,28.7,29.0,12.7,1.0,28.5,60.4
India,2002,6.2,10.3,8.3,4.8,70.4,68.8
India,2003,59.3,19.2,8.8,10.9,1.8,94.3
India,2004,42.3,18.9,21.8,14.3,2.7,89.1
India,2005,41.7,36.1,31.1,11.6,0.0,77.2
India,2006,40.3,34.5,5.2,19.8,0.2,67.3
India,2007,30.9,36.2,11.8,9.5,11.7,65.3
India,2008,26.7,15.3,15.9,7.5,34.6,99.7
India,2009,59.7,13.4,26.8,1.0,0.0,61.2
India,2010,10.8,39.0,33.2,3.9,13.1,66.5
India,2011,18.2,25.5,22.1,4.4,29.8,90.3
India,2012,22.0,37.7,24.7,8.7,6.9,91.6
India,2013,50.0,18.7,15.2,18.7,0.0,66.6
India,2014,7.3,23.6,29.0,15.4,24.6,96.8
India,2015,34.3,13.0,22.7,15.6,14.4,63.7
India,2016,14.5,10.4,22.8,17.7,34.6,86.8
India,2017,59.0,11.9,32.1,16.3,0.0,72.6
India,2018,58.5,18.6,31.7,17.6,0.0,90.3
India,2019,36.0,13.6,21.0,7.1,22.3,91.7
India,2020,46.7,37.3,5.4,16.2,0.0,97.5
India,2021,48.4,13.9,7.4,0.4,29.8,85.1
India,2022,39.6,39.6,16.9,6.6,0.0,85.0
South Africa,1990,50.4,38.1,29.1,8.5,0.0,85.4
South Africa,1991,52.1,24.7,11.5,3.4,8.3,60.0
South Africa,1992,44.5,13.3,12.3,6.0,23.9,82.4
South Africa,1993,26.9,30.2,6.7,2.5,33.7,80.0
South Africa,1994,23.5,18.9,7.0,17.9,32.7,87.7
South Africa,1995,11.7,12.0,34.2,13.6,28.5,76.7
South Africa,1996,43.6,32.7,28.4,9.6,0.0,77.2
South Africa,1997,5.6,37.8,23.1,4.1,29.4,96.8
South Africa,1998,55.3,39.7,31.2,20.0,0.0,69.8
South Africa,1999,51.3,34.7,11.9,2.0,0.1,99.2
South Africa,2000,21.3,36.1,5.1,0.4,37.0,78.6
South Africa,2001,18.1,30.7,22.0,1.5,27.7,66.5
South Africa,2002,26.3,15.6,28.8,8.3,21.0,63.7
South Africa,2003,31.6,12.7,8.9,4.8,42.0,94.4
South Africa,2004,55.9,34.8,15.0,5.4,0.0,82.0
South Africa,2005,44.7,39.8,8.9,1.0,5.6,87.8
South Africa,2006,50.8,35.4,25.4,19.1,0.0,80.4
South Africa,2007,55.3,39.0,30.4,6.2,0.0,67.8
South Africa,2008,35.1,23.6,31.3,2.0,7.9,70.3
South Africa,2009,46.3,12.8,14.6,7.7,18.4,84.9
South Africa,2010,13.7,35.8,18.4,18.3,13.7,78.7
South Africa,2011,20.1,14.3,5.1,10.6,49.9,64.3
South Africa,2012,26.5,27.7,13.3,3.5,29.0,91.0
South Africa,2013,57.1,13.0,9.7,19.2,1.0,61.5
South Africa,2014,58.8,10.1,31.2,6.1,0.0,97.5
South Africa,2015,22.4,29.6,7.4,4.8,35.7,90.9
South Africa,2016,34.1,37.8,17.9,17.4,0.0,78.0
South Africa,2017,58.9,38.8,14.9,17.7,0.0,93.9
South Africa,2018,16.6,28.7,7.2,16.7,30.8,67.0
South Africa,2019,8.9,22.0,22.3,17.1,29.7,99.0
South Africa,2020,29.2,11.8,27.5,11.3,20.2,77.9
South Africa,2021,22.0,25.1,15.2,15.1,22.6,81.8
South Africa,2022,53.2,26.3,12.1,17.0,0.0,82.3
Nigeria,1990,16.4,28.7,15.7,16.9,22.3,78.1
Nigeria,1991,45.0,12.9,16.9,19.7,5.6,92.3
Nigeria,1992,13.8,18.3,14.9,13.0,40.0,90.3
Nigeria,1993,46.2,25.3,29.3,8.7,0.0,65.0
Nigeria,1994,36.0,38.6,28.8,11.6,0.0,85.9
Nigeria,1995,56.2,22.9,14.9,19.5,0.0,94.5
Nigeria,1996,22.8,23.9,17.5,3.0,32.9,98.3
Nigeria,1997,27.2,36.3,10.7,11.0,14.9,61.0
Nigeria,1998,47.0,27.4,23.8,1.0,0.7,68.4
Nigeria,1999,9.1,18.7,23.8,11.3,37.1,84.5
Nigeria,2000,35.2,18.2,12.3,2.7,31.5,94.0
Nigeria,2001,38.9,15.6,10.3,17.5,17.7,89.7
Nigeria,2002,41.3,22.2,12.9,19.6,4.1,91.9
Nigeria,2003,21.6,35.4,27.8,5.9,9.3,77.1
Nigeria,2004,15.2,13.3,26.7,5.4,39.4,92.8
Nigeria,2005,59.8,12.3,19.2,16.0,0.0,91.6
Nigeria,2006,46.8,20.5,18.6,11.9,2.2,99.0
Nigeria,2007,23.0,37.7,13.1,19.8,6.4,86.8
Nigeria,2008,30.5,28.4,13.2,5.5,22.4,64.5
Nigeria,2009,11.3,20.4,27.9,12.2,28.3,64.1
Nigeria,2010,51.9,28.0,33.8,13.4,0.0,67.0
Nigeria,2011,31.1,29.5,5.8,0.3,33.3,65.2
Nigeria,2012,18.8,22.9,19.6,2.8,35.9,86.9
Nigeria,2013,37.8,18.8,5.4,1.6,36.4,75.7
Nigeria,2014,13.5,21.3,23.8,10.9,30.4,69.2
Nigeria,2015,23.9,28.4,30.8,15.1,1.8,82.1
Nigeria,2016,24.9,21.0,31.4,0.8,22.0,99.5
Nigeria,2017,41.5,30.4,6.1,12.1,9.8,79.4
Nigeria,2018,10.8,18.3,31.7,11.0,28.1,76.5
Nigeria,2019,9.0,31.4,26.1,12.3,21.2,80.4
Nigeria,2020,28.9,27.8,12.0,18.8,12.5,83.6
Nigeria,2021,22.1,23.5,29.2,3.2,22.0,71.7
Nigeria,2022,42.4,19.5,28.8,2.6,6.8,90.5
