country,year,co2_emissions_mt,gdp_billion_usd,population_millions,energy_use_per_capita,industry_pct_gdp,urban_population_pct,trade_openness,coal_pct,oil_pct,gas_pct,nuclear_pct,renewable_pct,electricity_access_pct
Indonesia,1990,3960.52,7522.08,1331.05,3926.6,12.0,86.3,116.2,22.6,26.6,6.5,0.9,43.4,88.8
Indonesia,1991,3996.65,7666.28,1345.8,6735.6,25.1,48.9,117.9,29.4,17.7,10.7,13.4,28.8,60.0
Indonesia,1992,4156.52,7779.61,1360.07,5581.6,26.0,81.0,51.9,49.3,12.4,10.7,7.7,19.8,79.4
Indonesia,1993,4021.12,7803.59,1400.72,4120.0,12.3,91.7,174.5,24.5,19.6,33.9,12.8,9.1,60.9
Indonesia,1994,4072.16,9157.76,1391.1,3979.9,33.9,58.6,39.5,28.7,36.3,14.0,1.9,19.2,90.3
Indonesia,1995,4102.52,9852.78,1400.16,8424.8,20.9,63.8,107.5,38.3,27.1,6.6,2.8,25.1,84.9
Indonesia,1996,4039.72,8433.41,1538.12,8843.5,42.9,88.2,115.7,16.4,25.1,21.3,5.7,31.4,97.9
Indonesia,1997,3980.24,8854.27,1545.56,5831.9,19.8,65.3,42.5,51.3,31.7,7.3,2.1,7.5,79.7
Indonesia,1998,4216.35,11122.84,1401.76,11238.5,37.0,42.9,20.9,13.8,39.3,9.8,9.7,27.3,74.6
Indonesia,1999,4207.11,11318.93,1596.71,4451.0,22.5,37.5,158.1,40.2,13.9,17.9,5.5,22.6,95.5
Indonesia,2000,4198.73,11259.86,1494.03,4354.6,20.9,51.1,136.7,7.2,37.4,30.0,6.0,19.4,91.6
Indonesia,2001,4188.12,10820.94,1443.37,9095.6,36.6,66.5,143.4,6.7,39.0,20.8,6.1,27.4,74.5
Indonesia,2002,4070.07,11325.56,1600.0,7104.2,10.9,37.0,25.0,8.7,39.7,6.2,13.1,32.4,77.7
Indonesia,2003,4239.57,11827.67,1792.31,5918.0,24.4,79.1,56.6,57.2,17.4,21.0,9.6,0.0,88.1
Indonesia,2004,4127.58,9119.34,1546.95,4445.0,42.5,82.5,121.3,8.7,15.8,11.4,14.8,49.2,67.6
Indonesia,2005,4159.64,10024.21,1868.02,7552.3,38.3,88.2,70.9,36.5,16.5,30.8,18.8,0.0,80.7
Indonesia,2006,3995.3,9621.31,1549.88,6589.7,38.6,85.9,21.1,24.4,17.0,6.5,5.4,46.7,86.2
Indonesia,2007,4198.19,10728.46,1508.72,6250.7,43.0,51.0,103.0,34.3,38.3,16.9,13.9,0.0,79.6
Indonesia,2008,4369.01,16655.59,1657.86,12785.0,43.7,46.4,99.6,33.2,18.0,18.6,9.4,20.7,88.3
Indonesia,2009,4016.49,9408.02,1840.11,7092.5,11.8,48.1,165.3,56.7,19.9,6.3,9.9,7.2,81.8
Indonesia,2010,4181.47,11619.02,1557.85,7656.6,44.5,45.7,127.5,14.3,32.8,34.5,18.9,0.0,67.9
Indonesia,2011,4551.29,19502.23,1722.62,11093.0,32.2,64.8,34.4,53.1,31.1,18.6,10.8,0.0,94.0
Indonesia,2012,4603.63,22832.35,1708.62,8748.6,11.4,68.4,128.4,31.4,21.2,19.8,11.6,16.0,67.6
Indonesia,2013,4204.32,12221.0,2001.92,5474.0,34.2,55.1,169.9,54.5,30.2,24.0,2.0,0.0,84.2
Indonesia,2014,4251.54,11240.1,1764.76,4723.1,42.4,87.0,61.3,11.7,12.4,20.8,8.1,47.1,83.6
Indonesia,2015,4479.51,19000.34,1959.69,8014.0,13.3,88.3,164.1,9.9,22.9,10.2,19.7,37.2,82.4
Indonesia,2016,4638.57,21735.02,1804.84,9639.6,35.4,88.3,161.9,42.8,19.8,7.8,19.5,10.1,71.5
Indonesia,2017,4231.59,11009.21,1660.86,10541.9,31.2,30.6,36.2,28.3,29.5,5.7,16.2,20.2,81.5
Indonesia,2018,4744.98,24566.29,1534.86,9075.9,29.2,75.0,124.3,20.3,11.8,9.9,17.9,40.1,87.4
Indonesia,2019,4248.91,14083.76,1854.83,10323.8,32.7,85.2,125.2,18.7,12.0,25.7,11.4,32.1,76.2
Indonesia,2020,4682.52,23306.21,1634.71,10249.7,19.3,45.9,175.7,25.0,16.5,25.1,19.4,14.0,67.0
Indonesia,2021,4780.27,26577.31,2527.11,12243.0,30.2,62.0,51.2,37.8,22.7,18.4,5.1,15.9,93.0
Indonesia,2022,5000.37,31840.54,1866.14,10234.5,32.6,41.5,170.5,31.7,26.3,14.1,3.6,24.2,63.4
France,1990,5125.45,19334.76,1349.1,12684.0,21.1,41.0,109.1,44.3,15.9,25.7,7.8,6.3,76.6
France,1991,5119.01,20433.13,1374.63,10905.4,13.4,70.0,178.4,30.8,21.0,8.0,6.2,34.0,86.5
France,1992,5143.59,21473.95,1403.1,12169.8,34.6,53.4,67.0,41.6,18.6,18.8,3.9,17.1,68.4
France,1993,5282.35,22412.35,1436.75,13726.7,42.0,63.2,100.2,6.3,36.9,11.3,4.6,41.0,71.2
France,1994,5296.63,23065.75,1465.57,14094.8,21.8,54.4,35.0,12.0,29.2,7.3,2.7,48.9,85.8
France,1995,5242.46,23401.13,1388.12,11012.3,29.0,48.6,114.5,23.7,31.2,21.7,5.1,18.2,86.0
France,1996,5214.85,21311.12,1479.05,12668.3,17.6,70.5,33.7,11.4,26.1,18.1,5.4,39.0,84.2
France,1997,5079.47,21103.6,1503.78,10885.8,32.3,77.2,176.1,52.9,40.0,23.2,8.1,0.0,69.0
France,1998,5448.06,28513.91,1465.71,12346.5,12.7,31.6,174.0,19.1,24.4,16.0,18.3,22.2,74.7
France,1999,5611.68,30460.26,1597.0,12705.2,16.1,40.2,60.0,25.5,21.5,30.1,13.0,9.8,84.6
France,2000,5545.04,29459.34,1499.11,16499.3,35.8,66.0,117.9,23.4,34.5,6.2,17.4,18.5,80.5
France,2001,5449.21,27045.28,1504.41,11283.4,36.5,30.9,38.6,26.9,24.9,25.0,0.3,22.9,94.9
France,2002,5516.07,28781.73,1466.14,12821.6,26.6,41.3,89.4,29.6,20.3,9.1,8.8,32.2,79.9
France,2003,5489.41,28366.97,1686.47,13773.3,11.6,54.3,120.1,27.2,30.4,17.6,19.2,5.6,84.0
France,2004,5730.89,34828.79,1513.75,11477.9,32.5,31.7,113.7,49.4,13.3,16.9,6.7,13.7,82.8
France,2005,6108.95,44415.51,1724.71,16735.9,32.5,59.8,107.3,52.4,12.4,7.2,17.0,11.1,68.5
France,2006,6236.85,47698.04,1944.39,16277.8,12.4,36.6,22.9,41.8,26.3,30.0,2.5,0.0,65.2
France,2007,5275.13,24787.93,1847.33,8470.3,21.2,84.9,23.7,35.6,38.4,17.4,6.5,2.0,84.3
France,2008,5424.38,25687.37,1890.95,12923.3,40.7,77.8,148.6,56.2,35.1,34.9,0.5,0.0,64.5
France,2009,5630.46,30398.89,1585.94,15249.3,38.2,94.4,86.0,38.5,34.6,13.6,4.8,8.5,91.5
France,2010,5614.09,32967.62,2151.69,16828.4,25.0,78.8,140.7,8.1,21.1,20.2,11.2,39.4,89.1
France,2011,5427.39,26517.29,2177.15,12244.6,38.9,50.8,163.3,24.5,28.4,22.6,11.0,13.6,85.6
France,2012,6971.48,66188.33,1932.48,25095.3,25.7,49.1,72.6,19.3,12.5,8.6,4.5,55.1,80.0
France,2013,6421.59,51626.25,2129.68,21924.7,37.6,35.9,99.1,51.2,31.0,28.7,7.0,0.0,76.2
France,2014,5918.61,41250.05,2315.02,15506.9,14.1,39.3,141.8,26.7,15.8,6.8,11.8,38.9,99.6
France,2015,6427.86,52683.89,1607.03,16936.0,34.5,34.7,151.5,14.2,11.4,28.4,5.1,41.0,93.2
France,2016,5446.97,27926.66,2546.37,11685.0,23.0,82.8,171.6,43.7,38.4,17.3,13.2,0.0,78.6
France,2017,8014.28,91590.77,2306.89,30799.2,12.9,80.5,109.3,39.7,23.5,10.7,10.2,16.0,81.1
France,2018,5507.75,29791.6,2038.58,9522.6,26.4,33.7,39.0,49.6,32.1,24.9,2.3,0.0,88.8
France,2019,5590.68,30529.74,2262.22,15254.3,30.4,92.5,80.0,32.5,36.8,32.6,1.1,0.0,92.8
France,2020,5790.41,36258.12,2769.55,11468.6,43.9,32.8,162.6,7.1,21.0,21.3,3.0,47.7,89.9
France,2021,6748.98,58545.6,2888.27,18617.2,29.4,93.0,103.7,5.5,15.1,22.4,14.3,42.8,96.7
France,2022,6575.52,54184.69,2354.21,21137.8,41.5,33.0,65.0,43.8,30.2,16.8,0.0,9.2,64.8
Egypt,1990,3004.79,19010.71,1246.48,7614.1,26.2,53.0,113.4,34.4,30.3,17.5,14.6,3.2,80.9
Egypt,1991,3188.45,19974.36,1269.78,7711.9,41.9,83.5,172.0,9.1,15.8,30.2,14.5,30.5,95.8
Egypt,1992,3202.73,20811.3,1289.9,9880.2,42.6,86.3,27.2,11.5,39.7,11.3,0.2,37.3,99.9
Egypt,1993,3216.94,22040.47,1341.32,8240.3,30.8,54.8,175.2,20.5,30.0,10.3,11.6,27.6,96.2
Egypt,1994,3282.98,23293.58,1358.6,11003.3,24.5,47.8,29.0,22.6,30.1,10.6,12.5,24.1,73.5
Egypt,1995,3396.38,25438.92,1409.81,12297.4,36.9,91.4,155.9,16.6,19.4,10.4,18.0,35.6,75.9
Egypt,1996,3295.88,21709.02,1355.0,7981.4,43.4,69.4,56.6,18.5,23.5,14.6,14.9,28.6,98.8
Egypt,1997,3345.46,23050.4,1311.32,12451.9,28.2,80.2,103.2,29.1,35.8,22.0,3.1,10.0,87.6
Egypt,1998,3592.22,28650.7,1415.68,13302.2,40.7,56.2,41.4,33.2,29.5,31.7,8.8,0.0,96.0
Egypt,1999,3289.88,22849.83,1335.9,7464.0,22.3,68.3,82.8,46.3,24.7,23.1,6.5,0.0,99.3
Egypt,2000,3434.94,26017.4,1566.01,10917.1,28.0,80.9,83.4,41.7,11.3,14.8,12.5,19.7,62.3
Egypt,2001,3769.87,35153.95,1359.79,17995.6,27.2,46.8,93.5,6.3,23.5,15.0,8.8,46.4,70.5
Egypt,2002,3813.09,37823.16,1487.71,14312.6,32.2,45.6,32.1,14.1,30.7,20.4,4.0,30.8,72.8
Egypt,2003,3459.94,26975.63,1673.84,12147.4,33.4,41.2,50.8,37.5,12.2,9.4,1.5,39.4,92.5
Egypt,2004,3148.26,22479.49,1400.93,9333.3,16.2,35.8,39.3,46.4,32.6,26.5,13.4,0.0,79.1
Egypt,2005,3458.34,28856.78,1559.96,14335.0,11.4,82.0,120.5,40.3,11.2,23.6,15.6,9.3,80.0
Egypt,2006,3229.64,23779.8,1778.71,14540.5,12.1,48.0,149.0,24.7,18.3,24.3,13.9,18.9,94.8
Egypt,2007,3455.18,26827.74,1537.23,12182.2,31.6,54.0,94.0,23.8,33.1,21.8,17.7,3.6,81.1
Egypt,2008,4062.2,43734.8,1381.59,15513.7,35.0,88.2,101.9,33.5,27.3,27.5,19.3,0.0,62.9
Egypt,2009,3725.88,34823.74,1674.33,12765.7,19.4,54.5,23.2,7.9,38.1,20.9,12.3,20.7,79.3
Egypt,2010,3644.3,31829.19,1497.89,12505.0,14.2,87.9,115.0,10.2,33.0,27.4,6.2,23.2,72.2
Egypt,2011,3949.19,39089.43,1435.27,16255.1,30.5,78.5,89.1,51.1,12.2,31.4,5.1,0.2,83.7
Egypt,2012,3443.15,27178.38,1574.5,11376.6,32.6,67.1,77.0,56.5,30.3,17.4,13.8,0.0,73.8
Egypt,2013,3583.3,31261.77,1464.59,11025.0,18.6,40.4,49.9,20.2,39.9,27.5,12.9,0.0,74.2
Egypt,2014,3689.14,33790.15,1526.06,17362.8,12.8,64.1,85.7,7.7,10.9,21.6,15.2,44.5,81.5
Egypt,2015,5106.7,69589.93,2113.29,23311.2,16.0,73.5,168.7,51.2,11.0,16.0,4.7,17.0,77.9
Egypt,2016,4377.6,49930.82,1904.25,17579.1,36.9,42.2,71.8,9.0,38.6,11.7,18.4,22.3,77.0
Egypt,2017,3567.4,34320.6,1516.83,15375.8,20.1,67.8,44.7,59.2,26.6,32.9,0.1,0.0,89.9
Egypt,2018,4247.16,48556.1,1925.49,15455.5,21.8,38.7,30.1,54.7,14.2,7.9,8.5,14.8,97.3
Egypt,2019,5043.51,66407.81,2226.46,24889.6,26.5,56.8,75.8,34.8,25.8,9.2,0.0,30.1,92.4
Egypt,2020,6307.85,98808.21,2367.39,37380.2,14.4,77.5,170.1,9.8,29.0,32.4,4.2,24.6,86.6
Egypt,2021,6084.27,91760.63,1585.73,33992.7,17.1,40.6,46.3,9.3,28.1,9.9,14.7,37.9,72.0
Egypt,2022,6037.18,92618.52,2227.22,32208.5,22.6,87.0,82.8,30.5,28.0,10.1,14.8,16.6,72.1
Russia,1990,1966.96,7570.04,648.29,4512.6,41.5,55.0,107.0,41.4,14.7,25.6,2.6,15.6,77.0
Russia,1991,1938.03,7988.84,659.62,3773.4,42.9,70.8,73.6,18.6,32.5,12.9,17.6,18.5,95.7
Russia,1992,1901.29,8203.57,668.76,9665.3,37.6,39.9,69.9,15.8,28.4,7.6,7.8,40.3,88.5
Russia,1993,1950.87,8090.81,687.72,3178.7,29.9,79.6,160.3,41.3,28.7,13.5,7.6,9.0,64.1
Russia,1994,1860.18,8051.41,707.05,3871.6,23.9,81.8,44.0,44.5,25.1,26.3,5.0,0.0,73.0
Russia,1995,1881.0,8418.03,713.82,8425.7,32.4,75.1,106.8,23.4,10.8,15.2,16.1,34.5,95.9
Russia,1996,1842.57,8479.06,743.79,7419.2,24.0,60.0,171.6,33.5,23.7,5.9,17.6,19.3,60.5
Russia,1997,1927.87,8557.36,728.1,6861.4,31.4,31.2,159.5,57.0,24.7,15.3,18.5,0.0,61.0
Russia,1998,2015.42,10751.57,780.37,9029.8,15.3,67.5,117.1,37.0,26.5,11.6,8.6,16.4,86.1
Russia,1999,2005.98,9981.81,772.91,10502.3,42.4,59.3,38.1,45.0,10.0,33.1,3.3,8.6,69.3
Russia,2000,2060.52,11158.6,737.53,4258.3,21.7,82.2,20.7,19.5,11.1,8.7,19.7,41.0,72.6
Russia,2001,1989.76,10112.56,746.96,7564.2,42.2,52.5,75.5,11.3,13.2,26.6,17.1,31.8,70.3
Russia,2002,2021.53,9740.52,766.43,4478.6,16.2,62.4,87.0,6.2,16.7,6.7,2.1,68.4,77.3
Russia,2003,2182.35,15323.26,759.45,9451.4,32.1,30.9,126.2,17.6,25.5,12.6,18.8,25.5,96.2
Russia,2004,1892.97,9230.67,915.23,7035.7,30.8,34.4,140.0,36.2,20.6,16.4,8.2,18.5,89.1
Russia,2005,1924.65,10262.74,911.29,5117.4,16.7,32.4,95.5,29.8,35.7,33.3,6.7,0.0,82.4
Russia,2006,2223.46,16219.02,810.64,9298.6,25.4,56.0,109.5,10.2,16.0,17.4,4.1,52.2,95.1
Russia,2007,1958.04,10211.38,750.37,10026.8,43.1,54.3,63.3,13.7,23.7,23.2,13.8,25.6,75.3
Russia,2008,2042.41,9261.92,749.92,8648.4,33.1,31.8,55.5,52.8,27.0,18.2,1.3,0.6,78.6
Russia,2009,1936.15,11351.71,917.33,4053.3,13.6,82.0,48.6,50.1,28.4,30.0,9.9,0.0,64.7
Russia,2010,2041.52,10190.14,788.9,8974.0,39.9,84.0,83.5,5.8,19.1,25.9,15.8,33.4,71.8
Russia,2011,2356.08,18475.79,784.12,8241.3,41.4,30.8,33.7,32.3,22.6,17.3,4.6,23.2,65.5
Russia,2012,2094.41,14840.51,1065.77,11083.0,22.0,46.9,80.8,15.8,11.7,10.9,0.2,61.4,85.1
Russia,2013,2316.8,18458.79,821.74,10718.8,24.3,65.9,89.8,22.4,39.2,10.8,6.9,20.7,74.3
Russia,2014,2506.93,23418.66,781.23,14039.1,27.1,88.1,148.0,5.5,35.2,6.0,18.8,34.6,95.7
Russia,2015,2237.73,16342.17,742.63,7417.7,29.0,71.2,61.3,34.5,26.3,24.6,7.7,6.9,85.9
Russia,2016,2901.15,33786.24,967.39,11923.5,19.5,31.2,166.3,7.5,11.6,18.7,11.0,51.2,95.5
Russia,2017,2051.92,11585.92,1009.29,6031.2,29.4,72.3,152.8,10.8,34.7,11.3,7.9,35.4,72.7
Russia,2018,2559.98,22716.11,1077.2,8630.1,42.0,57.2,81.3,27.0,14.5,20.1,16.0,22.3,77.7
Russia,2019,2402.2,21080.13,769.75,8071.2,35.8,35.4,116.5,32.0,35.5,26.2,9.8,0.0,70.3
Russia,2020,2114.35,15618.04,930.35,10578.3,20.4,66.8,96.2,53.7,27.3,11.6,5.4,2.0,92.1
Russia,2021,2650.25,28072.49,1341.54,14416.0,17.5,32.0,62.0,7.4,39.8,8.9,15.9,28.0,75.8
Russia,2022,2504.17,22633.39,1109.63,9796.8,37.0,36.9,32.0,32.1,36.4,17.4,10.7,3.4,62.0
Brazil,1990,4021.55,14577.37,694.19,11016.5,38.0,75.2,63.5,5.1,17.3,25.4,2.4,49.7,64.6
Brazil,1991,4183.43,14789.89,710.4,5963.1,43.3,59.0,49.6,27.6,29.4,26.4,3.6,13.0,63.2
Brazil,1992,4131.4,15678.92,725.72,10695.4,38.2,72.8,130.8,56.7,17.8,30.6,17.3,0.0,90.9
Brazil,1993,4214.73,16137.43,714.0,12748.7,43.0,32.6,132.9,14.3,34.7,28.1,11.9,11.0,73.5
Brazil,1994,4282.46,18145.39,718.42,10203.2,42.0,32.2,131.6,19.4,13.7,20.3,11.7,34.9,74.4
Brazil,1995,4294.74,19375.01,781.15,9869.1,40.2,84.9,71.1,31.1,20.9,24.2,18.0,5.7,66.6
Brazil,1996,4222.43,19697.01,718.45,10881.1,18.1,37.8,32.3,26.0,14.2,23.7,14.6,21.5,97.3
Brazil,1997,4371.34,20002.92,725.43,8865.6,28.9,81.4,71.0,20.3,38.5,6.9,12.1,22.2,62.3
Brazil,1998,4328.67,20149.67,830.87,11163.9,18.2,31.6,159.2,54.2,25.9,25.1,16.6,0.0,66.0
Brazil,1999,4430.24,22602.49,866.64,9911.1,36.9,56.1,96.8,7.1,36.4,14.4,2.6,39.5,78.7
Brazil,2000,4357.1,21865.11,866.96,14440.2,36.9,57.2,87.4,37.9,10.9,13.2,0.7,37.3,76.8
Brazil,2001,4220.23,17269.1,792.32,7835.0,20.4,45.2,26.7,54.2,39.5,24.1,3.2,0.0,96.2
Brazil,2002,4152.15,16601.41,930.93,8688.7,23.5,74.2,54.9,33.4,14.6,32.7,15.1,4.2,89.3
Brazil,2003,4627.72,28864.95,943.62,12665.0,31.5,40.9,178.6,44.0,16.0,11.3,13.8,14.9,68.8
Brazil,2004,4273.7,19656.84,965.64,11269.4,31.3,63.3,56.9,29.1,33.5,28.5,9.1,0.0,91.7
Brazil,2005,4220.69,19424.48,942.45,8953.3,12.0,93.0,161.4,51.1,29.6,11.9,5.5,1.9,72.6
Brazil,2006,4918.74,35063.22,1028.9,12323.2,23.9,79.3,131.4,11.4,18.2,11.3,9.1,50.0,96.3
Brazil,2007,4326.46,20831.57,814.92,10776.8,30.8,67.7,34.6,10.7,31.6,25.6,1.9,30.1,96.9
Brazil,2008,5060.31,37485.94,834.99,12717.1,41.1,92.1,157.9,36.3,20.9,27.7,5.1,10.0,87.7
Brazil,2009,4726.09,29362.57,788.69,12372.2,23.0,46.9,135.7,7.2,35.2,18.4,12.7,26.5,68.8
Brazil,2010,4499.95,28890.52,792.13,10818.5,33.9,34.9,156.2,42.2,33.2,19.2,12.4,0.0,78.3
Brazil,2011,4794.17,32964.74,1085.0,12998.0,33.7,66.8,62.7,54.2,24.9,30.3,16.0,0.0,76.4
Brazil,2012,5411.33,46296.86,1095.38,19327.4,39.8,86.4,133.3,17.7,22.2,29.8,4.6,25.8,81.0
Brazil,2013,5098.13,39251.64,1031.61,17920.9,15.6,87.3,159.5,49.3,20.6,24.3,4.9,0.9,64.4
Brazil,2014,4279.64,19163.4,1157.09,7215.5,21.7,78.3,45.7,48.7,13.0,13.1,17.1,8.1,73.9
Brazil,2015,4925.35,34761.94,788.88,13081.4,31.6,93.8,121.1,58.5,39.4,13.0,0.8,0.0,88.2
Brazil,2016,4605.77,26323.11,1094.9,12446.8,37.3,37.0,141.8,29.8,13.0,26.2,0.6,30.3,94.8
Brazil,2017,4683.03,30001.97,1113.44,16490.8,13.6,90.9,130.1,12.6,13.8,10.3,19.2,44.1,87.7
Brazil,2018,4298.18,21156.63,943.5,12158.3,12.4,67.8,75.3,49.1,21.9,15.1,4.7,9.2,79.2
Brazil,2019,6186.67,66221.54,1399.44,27633.0,36.2,38.5,141.3,35.4,29.0,12.7,19.0,4.0,66.8
Brazil,2020,4233.94,20378.35,816.95,9040.6,27.1,80.1,129.3,58.1,10.4,19.4,6.7,5.3,78.0
Brazil,2021,7006.5,88376.06,1052.76,30398.2,15.7,81.7,131.0,36.4,23.1,17.4,14.7,8.4,87.4
Brazil,2022,4642.12,28380.93,858.14,14118.0,32.9,47.8,172.1,50.8,17.5,23.3,11.7,0.0,74.8
South Korea,1990,3949.33,18875.14,588.2,13542.4,24.3,88.1,56.8,31.7,19.4,9.3,4.3,35.3,64.2
South Korea,1991,4035.36,19265.01,591.51,11167.0,22.9,86.2,95.7,42.6,29.8,33.5,14.6,0.0,62.1
South Korea,1992,4119.22,20752.25,614.24,12433.4,31.9,38.5,25.2,53.6,35.9,18.3,11.7,0.0,99.0
South Korea,1993,4111.89,22229.73,619.32,13142.9,26.9,37.6,40.0,34.3,37.2,7.5,3.8,17.3,77.6
South Korea,1994,4167.91,20433.16,623.88,7111.5,30.4,47.5,147.6,37.2,34.5,34.6,7.8,0.0,61.9
South Korea,1995,4002.01,21409.51,630.87,7010.0,12.5,55.5,96.8,49.1,28.1,11.0,9.9,2.0,89.7
South Korea,1996,4245.69,24544.95,671.04,13712.4,11.4,61.2,36.8,47.4,25.0,14.2,19.5,0.0,86.5
South Korea,1997,4124.06,21996.35,697.91,8167.6,27.5,70.2,132.4,27.5,18.4,26.9,4.8,22.4,66.9
South Korea,1998,4175.64,23236.08,664.45,8129.8,22.3,32.2,32.6,34.1,18.7,23.9,2.4,20.9,86.2
South Korea,1999,4324.33,24594.69,629.98,12135.0,34.1,82.0,52.0,20.6,10.0,8.8,18.7,41.9,94.7
South Korea,2000,4151.12,21178.22,743.62,7243.3,28.9,76.1,159.4,17.8,33.4,23.3,19.4,6.1,74.9
South Korea,2001,4579.68,30859.45,739.55,12303.7,38.5,35.2,163.2,42.5,11.9,16.9,19.3,9.4,81.6
South Korea,2002,4393.45,27743.16,727.51,12771.0,35.6,35.3,29.7,20.8,13.6,26.1,12.9,26.6,75.0
South Korea,2003,4271.43,25160.16,654.0,14586.4,17.7,93.4,73.9,57.3,10.7,14.1,18.4,0.0,72.8
South Korea,2004,4605.38,34001.16,724.16,14865.6,35.2,44.8,179.4,18.9,26.0,29.7,2.1,23.3,97.7
South Korea,2005,5036.07,44435.27,768.74,15327.1,33.8,34.7,24.9,48.7,15.4,26.4,7.7,1.8,76.1
South Korea,2006,4908.08,43398.33,801.71,19089.8,24.9,52.5,79.4,48.1,38.9,8.8,8.4,0.0,79.2
South Korea,2007,5334.75,50325.43,648.99,22100.4,30.3,58.5,136.0,25.7,20.9,6.6,13.7,33.1,77.4
South Korea,2008,5244.91,49510.17,747.9,17429.3,30.7,89.3,53.7,15.7,34.5,29.1,9.7,11.0,71.9
South Korea,2009,4831.42,40609.69,819.86,18181.3,14.6,76.5,165.4,40.1,18.6,12.1,14.6,14.6,61.6
South Korea,2010,5586.31,58922.31,698.35,24584.6,27.2,46.1,159.3,10.2,10.2,9.6,1.4,68.6,99.8
South Korea,2011,4670.98,36771.19,809.05,14225.6,30.8,40.6,82.6,20.9,14.5,12.2,18.7,33.7,80.8
South Korea,2012,5466.01,53700.46,695.07,23883.8,25.9,45.3,31.8,25.1,36.2,16.8,6.7,15.2,68.3
South Korea,2013,4505.76,28765.72,835.86,11657.2,39.0,58.0,59.8,25.8,19.5,25.3,5.8,23.6,83.1
South Korea,2014,4483.23,29203.92,718.16,9536.2,35.8,73.1,95.9,8.6,15.7,17.2,18.7,39.7,75.1
South Korea,2015,5980.6,67365.18,991.68,25099.7,40.4,43.4,37.9,41.5,17.7,8.8,1.2,30.8,72.2
South Korea,2016,5150.92,48009.71,1082.35,15198.0,14.3,59.4,169.4,13.7,15.2,27.8,0.3,43.0,82.3
South Korea,2017,4780.7,37555.38,882.63,12078.4,15.2,94.1,174.4,25.9,25.2,21.9,6.3,20.8,71.8
South Korea,2018,5149.95,46516.03,900.14,18121.2,33.3,39.1,24.8,45.3,36.1,10.8,2.0,5.8,95.9
South Korea,2019,4801.54,39061.88,1017.96,13732.5,33.6,93.0,35.0,24.2,26.5,15.8,2.5,30.9,83.6
South Korea,2020,6983.09,89903.69,759.2,32665.8,39.3,91.4,129.3,33.9,16.1,18.6,15.9,15.5,83.6
South Korea,2021,5507.22,54601.34,1002.76,23397.2,30.0,32.0,169.0,10.3,26.4,26.1,15.9,21.3,85.2
South Korea,2022,4786.62,36456.1,1046.84,14390.8,32.8,36.9,125.3,13.4,31.3,25.3,0.5,29.5,76.5
UK,1990,5667.27,19988.3,68.45,12364.4,29.8,78.0,160.6,23.3,30.1,11.5,11.8,23.3,96.5
UK,1991,5755.71,20855.39,69.9,12473.8,37.9,58.3,150.9,48.9,37.6,34.4,0.2,0.0,84.9
UK,1992,5713.27,20633.47,70.64,6733.2,21.4,53.8,83.4,27.7,35.8,12.6,19.6,4.3,84.5
UK,1993,5884.47,21997.01,70.47,9898.5,18.0,34.8,116.6,48.6,12.6,10.5,15.2,13.1,60.9
UK,1994,5863.18,23691.74,73.34,11083.7,23.3,86.1,103.1,49.9,10.4,24.7,7.3,7.6,84.5
UK,1995,5864.62,22843.36,72.87,10344.2,30.3,64.7,117.3,43.3,20.3,8.2,1.4,26.8,83.6
UK,1996,6028.02,26518.6,77.66,13841.5,43.4,31.2,51.3,33.6,32.3,20.3,8.4,5.4,75.9
UK,1997,6132.01,29338.36,71.48,16309.8,22.3,36.6,97.7,6.5,20.1,34.3,17.5,21.7,73.2
UK,1998,6000.87,23946.03,74.53,9988.5,38.1,65.0,69.8,37.3,35.4,18.2,0.4,8.7,63.0
UK,1999,5948.41,24664.23,77.07,8813.4,16.3,74.3,49.0,33.1,39.1,25.8,1.4,0.6,67.6
UK,2000,6162.22,28540.11,82.77,9863.6,29.9,46.7,174.1,47.4,35.2,23.5,12.9,0.0,61.1
UK,2001,6174.89,29970.73,73.0,14239.9,43.3,69.1,151.1,50.6,33.6,12.8,14.2,0.0,68.6
UK,2002,6448.28,37661.98,76.73,13388.9,31.4,56.7,154.4,7.2,16.0,10.4,6.8,59.6,76.7
UK,2003,6065.35,26471.17,89.24,10502.4,38.8,57.5,126.8,33.0,24.3,13.1,0.6,29.0,84.2
UK,2004,5916.88,24545.01,87.24,11251.8,30.5,40.9,137.9,26.8,19.0,31.0,14.9,8.3,94.3
UK,2005,5974.11,24911.0,74.29,12788.1,31.2,65.5,57.1,32.2,13.9,25.9,4.1,23.8,77.6
UK,2006,6184.34,31849.55,89.48,13780.6,44.6,38.9,131.2,8.6,34.8,8.8,18.1,29.8,94.6
UK,2007,6543.89,42851.57,94.02,20789.9,14.5,36.8,135.9,30.6,32.3,23.6,16.1,0.0,77.3
UK,2008,6453.24,39741.93,82.58,13018.2,13.0,88.1,50.7,48.2,23.9,33.2,9.7,0.0,78.5
UK,2009,6227.43,33623.02,77.25,14479.9,12.4,82.0,57.4,48.2,34.6,21.6,3.6,0.0,78.7
UK,2010,6640.59,41338.63,107.03,17783.2,28.7,51.1,73.3,58.2,32.6,29.3,0.7,0.0,78.7
UK,2011,7129.04,51949.73,92.24,16536.0,29.7,92.2,48.0,40.6,34.9,6.5,17.0,1.0,81.9
UK,2012,7072.29,52091.15,83.4,20146.1,13.4,59.3,141.0,15.9,19.5,13.5,10.6,40.6,62.1
UK,2013,7327.19,61089.33,116.9,20586.6,24.0,39.9,178.8,13.7,34.4,9.0,4.7,38.3,78.1
UK,2014,7910.83,74501.41,99.71,29165.7,28.2,70.5,34.3,33.4,32.9,18.4,15.8,0.0,84.7
UK,2015,7732.88,69819.62,114.07,26761.5,11.3,49.7,62.1,11.2,14.7,18.1,7.9,48.0,89.7
UK,2016,6702.14,40989.43,81.54,19824.0,29.4,49.9,83.5,36.9,21.6,10.1,4.5,26.8,83.0
UK,2017,6994.71,51646.87,127.78,19721.3,44.7,85.3,53.4,28.3,25.4,10.1,13.3,22.9,94.1
UK,2018,8706.88,93210.43,83.97,34594.0,23.3,87.1,158.9,19.2,24.7,34.3,6.7,15.1,83.8
UK,2019,6603.2,41175.84,82.88,15875.1,16.1,75.2,75.4,10.0,28.2,7.7,19.2,35.0,88.6
UK,2020,9494.82,110905.76,116.28,39940.3,14.6,86.0,167.6,48.3,31.1,22.7,9.0,0.0,94.3
UK,2021,8378.54,86112.22,88.98,30102.9,24.0,39.5,78.8,57.6,25.0,32.9,11.7,0.0,81.5
UK,2022,6113.2,30611.38,81.62,10697.2,43.7,65.7,174.5,30.0,16.3,5.1,4.8,43.8,80.4
Poland,1990,980.45,10147.53,615.88,8191.2,32.8,39.9,29.8,25.9,23.5,34.4,7.0,9.2,78.1
Poland,1991,1024.11,10645.15,624.62,4129.8,44.8,33.8,131.2,12.3,11.4,28.3,11.4,36.5,90.4
Poland,1992,1058.66,11073.05,623.59,7642.6,44.9,82.9,118.4,13.2,27.2,12.6,4.6,42.4,60.5
Poland,1993,960.13,10937.78,648.74,7734.1,24.9,38.5,161.9,12.2,19.3,8.5,19.7,40.3,72.3
Poland,1994,1056.43,11349.8,649.26,10111.5,35.7,80.0,21.8,12.2,16.0,22.6,1.3,47.9,94.5
Poland,1995,976.0,11809.97,662.26,4186.9,19.1,79.4,41.9,57.9,17.4,18.5,0.4,5.8,85.6
Poland,1996,1060.5,10810.65,653.08,11062.2,38.1,92.4,98.1,27.8,18.1,11.2,13.1,29.8,76.6
Poland,1997,1049.86,11300.05,688.06,7297.8,39.6,36.4,98.1,14.9,30.7,22.0,17.2,15.3,64.7
Poland,1998,1130.03,14638.46,691.16,7710.7,23.8,59.9,145.6,48.2,30.2,8.5,13.9,0.0,77.7
Poland,1999,1273.88,16374.42,763.13,11314.1,21.0,74.7,90.0,57.0,14.2,24.3,7.6,0.0,98.3
Poland,2000,1038.14,11424.25,773.39,7388.4,32.3,72.9,163.2,23.1,38.9,32.0,5.4,0.5,92.1
Poland,2001,1334.21,15927.29,743.59,5778.1,28.1,39.8,138.0,59.8,17.6,18.1,10.4,0.0,71.8
Poland,2002,1042.67,11720.8,667.23,9388.7,12.5,34.6,21.9,5.8,16.6,13.5,8.9,55.2,66.8
Poland,2003,1373.36,21073.68,794.17,9471.5,20.4,52.7,143.9,53.0,31.1,7.6,13.0,0.0,86.1
Poland,2004,1168.44,13153.5,678.75,9398.3,36.8,47.2,23.4,57.6,10.1,12.4,18.6,1.3,97.3
Poland,2005,1099.04,12520.66,883.62,6472.0,36.9,70.6,81.1,44.6,33.0,7.7,10.3,4.4,69.3
Poland,2006,1356.47,19226.82,852.02,11097.3,28.6,32.7,175.0,15.0,34.3,9.1,9.4,32.3,97.5
Poland,2007,1563.09,23234.13,739.97,14820.0,31.1,67.9,139.7,15.2,39.3,34.8,11.1,0.0,66.8
Poland,2008,1176.41,13600.69,760.2,11540.8,17.9,54.2,89.1,22.4,22.7,14.3,5.6,35.0,98.9
Poland,2009,1334.11,18451.71,852.49,13108.6,18.4,37.9,51.6,13.4,32.0,5.0,11.9,37.6,96.6
Poland,2010,1319.28,16400.77,939.12,11880.5,39.6,89.7,60.4,20.8,15.6,24.6,14.3,24.8,87.5
Poland,2011,1705.83,27026.49,828.3,14922.9,35.5,80.5,125.0,22.6,17.6,33.7,18.5,7.7,78.3
Poland,2012,1949.36,35989.66,1032.14,11620.7,15.8,38.6,136.2,51.5,23.6,17.7,3.1,4.0,77.1
Poland,2013,1906.32,31781.2,761.49,13828.3,39.4,77.6,106.8,34.6,10.7,18.3,15.6,20.8,87.2
Poland,2014,1486.12,18301.5,907.87,11157.1,40.6,71.4,141.8,39.9,37.3,5.5,11.1,6.1,91.5
Poland,2015,1200.84,15852.33,876.83,5325.7,18.6,77.2,178.7,34.8,19.7,9.1,17.8,18.7,78.8
Poland,2016,2017.18,36084.47,779.05,15488.5,35.7,70.0,50.1,53.3,27.6,25.2,16.1,0.0,86.4
Poland,2017,1374.26,21258.95,1070.2,11034.4,10.2,79.5,25.6,26.9,25.4,29.1,7.5,11.1,75.5
Poland,2018,2571.9,49074.05,868.68,17674.2,15.2,49.9,160.3,10.3,37.4,7.7,13.0,31.6,76.5
Poland,2019,2735.36,54708.22,879.6,20277.0,35.3,87.6,114.9,27.3,30.4,7.0,11.9,23.4,90.9
Poland,2020,2013.05,37767.41,716.66,16477.1,22.4,81.6,34.9,50.6,15.1,31.9,13.1,0.0,95.3
Poland,2021,2017.87,33632.21,965.81,15407.1,12.3,67.7,109.8,31.7,26.3,32.6,18.0,0.0,77.9
Poland,2022,2284.05,40033.65,1201.37,14533.8,38.9,62.4,32.3,20.1,21.8,16.6,5.7,35.7,70.7
Turkey,1990,3986.38,1218.09,468.6,4744.9,25.4,39.6,72.5,52.4,12.1,25.3,3.5,6.8,73.8
Turkey,1991,4062.7,1243.71,476.55,6390.6,44.9,90.7,122.8,8.4,18.1,28.1,17.7,27.8,68.9
Turkey,1992,4070.04,1294.94,485.36,6780.9,14.1,56.6,154.4,30.5,24.1,31.2,15.3,0.0,80.5
Turkey,1993,3929.71,1367.77,480.92,3627.1,21.7,31.7,23.9,41.9,35.4,5.3,8.1,9.3,96.3
Turkey,1994,4081.19,1489.56,488.52,4832.5,20.5,91.1,61.5,45.7,26.3,20.9,7.0,0.2,80.8
Turkey,1995,4035.27,1570.21,489.39,6990.9,26.0,61.4,41.4,41.0,22.6,26.4,17.2,0.0,66.2
Turkey,1996,4050.24,1324.3,526.35,4620.7,25.3,77.4,142.5,29.8,22.2,25.6,5.0,17.3,85.6
Turkey,1997,4016.36,1368.46,538.38,5837.7,43.5,34.5,29.1,53.3,22.5,32.3,19.9,0.0,64.2
Turkey,1998,4055.23,1473.84,508.37,2794.5,41.7,46.2,63.5,17.8,38.5,33.7,2.0,8.0,60.6
Turkey,1999,4104.59,1870.88,495.88,4718.0,11.2,34.1,165.0,13.9,39.9,10.4,10.1,25.8,93.9
Turkey,2000,4042.96,1441.21,547.31,4015.6,22.2,88.5,23.5,6.1,28.1,13.3,17.2,35.2,71.3
Turkey,2001,4054.48,1836.07,606.56,1442.8,24.7,46.9,136.9,42.8,30.2,11.6,0.7,14.7,76.4
Turkey,2002,4064.58,2425.22,528.85,6133.9,16.9,66.7,94.2,20.9,34.3,29.0,9.1,6.7,84.3
Turkey,2003,4050.19,1732.64,514.95,2154.1,17.9,46.3,156.1,38.2,34.8,17.8,5.5,3.7,70.6
Turkey,2004,4109.01,2054.95,580.94,1977.3,40.1,77.0,30.8,34.5,23.5,18.2,1.8,22.0,88.7
Turkey,2005,4111.21,1502.46,578.68,4586.0,15.8,91.5,156.0,16.8,15.9,17.4,4.6,45.4,83.4
Turkey,2006,4160.45,2405.66,587.62,4309.9,32.8,65.5,30.0,25.4,23.5,21.1,4.1,25.9,66.2
Turkey,2007,4051.66,2114.04,519.1,7031.3,17.0,46.8,46.4,53.4,23.0,17.4,0.7,5.5,79.9
Turkey,2008,4023.48,1950.85,670.87,4980.6,17.2,87.1,160.7,35.5,26.8,26.2,3.5,8.0,70.1
Turkey,2009,4067.16,2239.17,744.97,6961.8,11.0,34.2,94.2,49.6,38.4,9.1,10.0,0.0,68.6
Turkey,2010,4165.56,3585.28,640.83,5309.2,13.7,72.7,151.5,8.3,19.8,9.3,14.2,48.4,81.3
Turkey,2011,4101.05,3997.68,566.5,5624.3,20.0,81.5,112.4,12.9,10.3,29.2,3.5,44.0,84.2
Turkey,2012,4181.77,2994.23,739.57,4368.0,42.0,64.6,45.3,23.5,27.6,14.5,1.7,32.7,68.9
Turkey,2013,4090.42,2190.24,775.49,7953.1,19.7,93.9,42.5,15.3,22.8,24.7,5.3,31.8,60.5
Turkey,2014,4038.1,1963.87,576.67,7794.1,32.9,39.9,90.5,33.5,28.2,33.9,11.8,0.0,78.8
Turkey,2015,4209.32,4549.25,789.24,5653.8,43.8,57.2,177.5,36.5,37.8,29.9,6.5,0.0,69.5
Turkey,2016,4158.46,3675.85,739.34,2847.4,40.9,57.8,46.0,19.4,25.1,27.3,10.1,18.0,62.7
Turkey,2017,4070.75,3195.8,786.97,8135.7,12.8,77.5,50.0,44.8,34.2,13.7,13.3,0.0,77.1
Turkey,2018,4197.52,5159.67,847.35,6103.9,34.9,50.4,95.4,53.9,35.4,20.8,13.8,0.0,95.3
Turkey,2019,4147.35,2704.78,719.25,7523.3,21.7,41.3,133.9,32.3,19.4,27.6,4.4,16.3,75.5
Turkey,2020,4215.26,5463.44,577.9,3938.1,15.0,52.6,92.1,52.6,31.7,17.1,4.3,0.0,74.2
Turkey,2021,4216.08,4238.9,679.25,8082.5,26.5,93.6,121.5,20.6,15.3,27.3,5.0,31.8,78.2
Turkey,2022,4058.13,2044.38,843.09,3551.6,34.0,34.5,48.0,26.2,39.5,16.7,1.6,16.0,63.6
Pakistan,1990,3952.95,16748.97,391.71,7814.5,17.4,32.2,68.6,37.5,28.0,17.6,8.6,8.3,62.2
Pakistan,1991,4016.77,17463.45,401.02,12273.1,36.8,81.2,126.4,33.4,25.1,9.5,2.1,29.9,64.9
Pakistan,1992,3990.18,18239.1,404.51,6804.2,25.6,59.9,158.3,10.6,28.3,10.9,5.0,45.2,66.9
Pakistan,1993,4016.88,18695.71,406.71,13434.7,13.9,57.5,26.7,57.7,35.6,11.9,6.6,0.0,68.4
Pakistan,1994,4052.0,18415.82,427.61,8216.4,41.9,79.0,148.8,32.1,10.6,25.1,10.5,21.8,95.9
Pakistan,1995,3990.58,17681.94,441.58,11254.6,20.7,83.9,65.0,14.0,34.1,28.8,2.5,20.5,75.9
Pakistan,1996,4097.56,18295.3,415.4,6081.6,26.4,49.6,115.7,14.4,17.6,12.9,11.1,44.0,76.5
Pakistan,1997,4090.51,19890.49,422.88,12041.1,11.7,88.7,156.4,57.1,13.8,34.2,4.6,0.0,90.9
Pakistan,1998,4369.85,25629.5,419.84,8781.1,18.4,81.6,25.5,23.6,14.3,30.7,6.2,25.2,86.4
Pakistan,1999,4181.61,23662.25,488.8,14016.4,28.3,34.1,153.0,36.2,24.2,19.9,14.6,5.2,63.5
Pakistan,2000,4088.78,19379.13,492.65,11332.7,39.0,87.1,111.5,41.7,36.9,6.7,2.8,11.8,88.7
Pakistan,2001,4253.9,24680.65,454.5,10281.3,25.2,80.3,116.3,29.1,22.1,9.1,10.1,29.6,65.1
Pakistan,2002,4418.34,26925.53,483.08,13015.4,34.6,45.4,102.0,31.2,32.9,12.7,9.6,13.5,99.7
Pakistan,2003,4106.19,20380.81,461.49,10271.7,32.8,91.8,116.1,42.8,35.2,17.4,15.4,0.0,61.6
Pakistan,2004,4540.79,29676.71,428.41,11311.0,22.7,60.7,27.3,11.8,16.1,17.1,16.9,38.2,73.9
Pakistan,2005,4055.79,21568.01,458.4,14256.9,21.6,61.3,51.4,41.0,31.3,22.6,7.1,0.0,83.1
Pakistan,2006,4205.03,23119.17,499.67,7477.0,10.3,44.2,25.9,23.8,12.5,34.8,2.5,26.3,62.9
Pakistan,2007,4145.27,21718.47,477.97,13034.9,30.0,63.3,67.0,53.3,19.1,24.5,6.6,0.0,75.7
Pakistan,2008,4165.53,21647.36,533.78,7848.0,22.1,63.0,159.9,19.4,20.3,17.3,14.4,28.6,80.5
Pakistan,2009,4446.19,32009.72,560.58,17549.0,14.6,47.9,83.1,56.9,11.3,20.1,11.7,0.1,96.8
Pakistan,2010,5159.27,49223.2,573.9,19826.2,20.8,83.5,172.8,7.7,27.2,30.6,4.8,29.6,95.1
Pakistan,2011,5238.41,47661.21,435.24,19571.4,11.8,46.7,29.5,6.0,32.0,33.0,13.1,15.8,77.6
Pakistan,2012,4258.47,23607.9,516.8,11004.1,22.9,37.9,87.0,7.5,37.6,19.1,0.6,35.2,87.6
Pakistan,2013,5166.69,48763.24,453.82,15730.3,22.4,91.2,127.0,31.5,13.7,11.4,1.3,42.1,83.0
Pakistan,2014,5086.28,42619.77,443.66,18056.7,42.0,69.8,159.8,39.2,25.2,29.5,17.2,0.0,84.6
Pakistan,2015,5324.43,51801.46,471.12,22808.8,12.3,64.7,42.7,5.7,30.9,17.5,11.3,34.6,86.0
Pakistan,2016,4502.93,31628.36,572.75,14317.5,11.5,38.0,109.4,24.3,37.5,9.0,13.4,15.8,60.2
Pakistan,2017,4626.57,34530.12,661.27,15751.2,39.6,75.0,88.8,55.9,13.4,7.8,6.7,16.3,74.9
Pakistan,2018,4695.96,33728.8,696.72,13966.8,37.9,83.5,157.2,16.8,27.6,18.3,0.7,36.7,72.8
Pakistan,2019,6582.09,80953.39,579.88,27177.5,30.4,54.1,116.2,49.6,30.7,26.7,14.0,0.0,72.4
Pakistan,2020,4879.01,39174.23,502.5,15481.2,15.0,87.9,75.3,10.5,18.2,30.0,19.6,21.8,79.8
Pakistan,2021,4360.35,28873.88,464.44,14005.8,32.3,52.1,31.5,5.5,14.2,14.7,11.6,54.0,63.0
Pakistan,2022,5870.22,66143.55,674.24,23077.5,17.6,94.2,92.6,56.9,21.0,32.4,15.6,0.0,90.2
China,1990,2982.25,13781.07,197.63,11864.5,23.4,32.5,25.0,38.4,28.8,24.1,12.6,0.0,82.1
China,1991,3016.71,13934.97,201.61,8119.4,20.1,88.5,38.6,59.3,32.0,28.3,17.4,0.0,68.6
China,1992,3041.01,15420.08,202.12,11789.1,31.1,83.7,177.4,9.6,24.5,20.4,16.6,28.9,77.8
China,1993,3017.75,14928.59,207.17,6134.7,29.4,65.2,141.9,36.4,25.8,6.1,12.3,19.3,93.1
China,1994,3086.43,16858.6,208.78,7825.1,19.1,42.7,29.2,13.7,27.8,22.8,3.3,32.4,64.9
China,1995,3186.63,18296.57,214.12,8593.5,30.3,39.0,91.0,58.9,21.8,11.8,3.4,4.0,86.7
China,1996,3327.88,17569.83,215.82,8784.3,44.8,87.2,119.7,38.5,29.3,7.6,17.9,6.7,75.6
China,1997,3179.01,15837.25,216.19,5547.1,26.6,65.3,56.4,22.2,23.9,16.7,17.3,19.9,97.2
China,1998,3345.29,21668.55,237.41,12416.6,28.7,86.5,40.9,21.7,35.9,28.4,18.6,0.0,69.8
China,1999,3392.96,21325.98,217.14,13476.0,43.0,39.7,94.0,36.7,18.2,29.7,0.1,15.2,82.6
China,2000,3511.82,24459.36,228.61,14314.4,30.6,54.4,65.7,23.7,19.7,24.3,17.0,15.3,84.4
China,2001,3219.76,18939.57,233.37,9874.3,30.2,86.3,176.9,51.9,17.9,20.6,9.0,0.5,60.5
China,2002,3347.03,19735.49,255.26,12154.6,30.1,92.1,52.1,35.6,29.8,22.8,14.7,0.0,82.9
China,2003,3582.91,27524.27,214.31,15383.3,25.7,63.2,120.3,8.7,13.5,22.9,5.5,49.4,63.2
China,2004,3674.29,29676.66,213.06,12979.3,34.1,77.0,130.8,28.6,26.6,14.9,14.4,15.5,85.8
China,2005,3268.27,20834.0,270.28,8840.9,17.4,92.2,21.4,23.3,32.6,24.5,12.7,6.8,82.1
China,2006,3906.12,34951.23,265.15,17198.9,20.3,30.9,138.1,5.6,30.9,16.3,18.9,28.3,92.7
China,2007,3276.79,18398.13,277.05,11786.4,33.0,79.8,155.3,37.3,17.6,11.1,6.8,27.2,79.1
China,2008,3585.23,28248.43,223.16,12631.7,12.7,56.5,85.1,21.3,25.4,10.0,19.6,23.8,64.3
China,2009,3176.35,18475.96,294.23,13150.4,12.5,92.1,103.6,56.3,37.4,20.8,14.5,0.0,77.4
China,2010,3409.05,22572.32,225.14,11026.4,37.8,76.0,28.0,39.7,20.2,14.0,11.6,14.5,79.9
China,2011,3400.02,23035.03,241.78,9518.0,38.1,90.4,84.8,36.9,18.6,16.0,1.7,26.8,62.1
China,2012,4196.68,45040.57,253.77,17585.4,17.9,71.6,176.6,18.9,12.2,8.1,16.3,44.5,61.6
China,2013,3989.76,35808.55,234.47,17907.5,27.6,59.2,113.7,41.2,18.2,31.1,9.7,0.0,72.2
China,2014,3944.09,36349.22,230.53,16524.4,18.5,76.4,151.6,33.5,21.5,21.9,2.3,20.9,99.9
China,2015,3883.57,33370.74,240.35,16326.3,19.5,62.3,65.5,28.4,20.4,26.3,7.3,17.6,93.3
China,2016,3325.56,21193.42,311.0,7265.5,36.2,50.6,20.0,30.0,31.6,8.2,16.9,13.3,89.4
China,2017,3557.52,26012.88,329.74,8774.0,39.4,30.2,59.5,16.6,14.4,14.5,19.5,35.0,70.3
China,2018,4534.79,49924.65,270.9,16241.6,22.6,47.6,154.8,30.1,10.9,16.9,11.4,30.7,98.1
China,2019,5034.84,64380.13,293.05,26638.6,23.2,92.7,34.3,33.4,34.6,21.4,0.8,9.8,72.6
China,2020,4559.25,50661.39,307.79,18605.8,32.1,75.8,20.7,36.7,38.5,30.8,4.6,0.0,68.8
China,2021,4542.1,51311.78,416.27,21601.3,43.3,75.7,67.7,16.1,37.7,30.6,15.5,0.2,75.7
China,2022,3216.08,22380.44,379.96,12045.3,11.7,53.4,173.1,32.7,23.9,12.6,10.1,20.6,61.2
Thailand,1990,2271.6,9181.11,293.23,9011.1,24.6,83.4,156.1,12.2,36.6,27.6,8.5,15.1,80.7
Thailand,1991,2232.01,9370.24,298.55,6853.2,40.8,44.0,128.5,25.3,32.2,28.5,15.3,0.0,88.9
Thailand,1992,2316.99,9492.74,303.9,8887.3,21.0,71.9,83.2,16.2,20.1,19.1,6.6,37.9,90.2
Thailand,1993,2317.06,10497.04,301.2,10325.7,20.1,53.9,29.3,23.1,14.1,17.0,19.6,26.2,69.0
Thailand,1994,2250.9,10070.29,319.53,3631.3,23.3,51.9,23.1,38.7,23.0,7.1,9.8,21.5,88.1
Thailand,1995,2298.78,9950.17,313.21,7181.5,24.2,64.5,115.2,33.2,36.2,13.7,1.7,15.2,97.5
Thailand,1996,2398.84,12889.61,321.35,9448.5,20.9,80.3,143.7,25.8,27.3,28.8,6.5,11.7,88.6
Thailand,1997,2326.43,11765.31,347.41,4971.2,10.6,80.1,149.1,12.4,18.7,9.3,16.2,43.2,68.9
Thailand,1998,2282.52,10011.14,319.71,9301.9,28.1,52.6,79.5,44.5,38.3,20.8,10.8,0.0,78.4
Thailand,1999,2352.78,10047.3,323.56,8362.6,44.1,85.1,23.8,22.9,24.3,23.1,19.7,10.0,97.5
Thailand,2000,2499.85,14815.89,337.5,7929.8,20.6,34.3,56.5,52.4,36.7,19.0,13.1,0.0,95.8
Thailand,2001,2377.1,11705.72,344.22,9617.5,26.6,33.8,173.2,26.6,38.9,17.5,12.0,5.0,88.4
Thailand,2002,2625.04,18088.6,316.98,8669.2,17.9,42.7,42.5,57.3,17.3,27.4,10.4,0.0,70.7
Thailand,2003,2584.02,15502.76,382.36,9488.1,15.1,82.7,121.8,47.7,26.6,24.8,6.5,0.0,79.3
Thailand,2004,2349.89,12621.93,346.06,11167.7,20.2,60.5,162.4,39.0,22.1,11.0,19.2,8.7,80.5
Thailand,2005,2508.17,17866.75,321.92,6964.8,10.3,71.0,91.6,45.4,22.3,15.7,8.1,8.5,76.4
Thailand,2006,2538.33,15927.34,393.74,5850.0,19.6,82.5,93.5,34.9,26.3,19.9,2.7,16.2,79.8
Thailand,2007,2547.73,17118.86,369.27,5964.9,15.8,59.0,53.5,14.3,13.8,33.0,12.1,26.8,86.4
Thailand,2008,2990.28,25343.62,344.17,15238.8,44.8,76.3,177.0,27.1,37.3,24.1,15.4,0.0,74.7
Thailand,2009,2689.88,18812.03,355.52,9421.1,30.8,34.8,119.6,57.8,34.6,30.6,3.4,0.0,70.8
Thailand,2010,2862.18,23388.69,345.48,11093.4,35.1,46.1,122.5,20.7,18.1,30.7,0.6,29.9,63.0
Thailand,2011,2762.04,22374.37,348.48,11450.5,37.0,62.4,21.9,20.1,16.0,12.0,16.0,36.0,82.5
Thailand,2012,2559.27,16177.62,472.89,10819.7,13.3,57.9,24.7,5.3,22.9,17.2,2.3,52.3,87.0
Thailand,2013,2654.42,19828.84,444.47,7337.4,20.1,55.9,167.1,43.6,31.6,26.9,0.0,0.0,98.2
Thailand,2014,2748.95,18500.0,472.58,12938.2,43.3,67.5,77.1,49.8,37.1,5.5,18.7,0.0,92.4
Thailand,2015,3127.94,30632.91,376.23,13920.4,22.6,72.7,58.5,51.0,12.8,27.2,19.2,0.0,87.1
Thailand,2016,2468.27,15777.42,340.62,5503.4,16.1,86.3,65.2,36.4,38.4,18.3,12.0,0.0,79.1
Thailand,2017,3536.21,41564.23,457.75,16243.9,30.3,63.6,141.4,56.3,12.3,20.0,13.7,0.0,91.7
Thailand,2018,3474.03,40790.58,568.54,19431.4,24.7,80.7,96.2,37.1,37.3,33.3,1.3,0.0,76.1
Thailand,2019,2751.35,24812.37,381.26,12377.2,16.5,51.6,156.8,6.3,19.9,21.1,18.2,34.5,93.9
Thailand,2020,3547.95,40301.53,558.62,15081.9,34.3,80.1,124.7,12.0,12.8,22.7,10.6,41.9,70.7
Thailand,2021,2541.98,15758.59,584.79,9270.8,19.9,57.6,26.0,54.5,37.8,17.1,17.8,0.0,75.4
Thailand,2022,2358.36,12623.71,447.97,8205.9,11.9,93.3,56.2,45.5,24.3,8.7,18.6,3.0,78.2
Saudi Arabia,1990,1432.44,6118.76,426.22,9587.0,17.9,73.1,138.7,45.4,21.0,5.6,2.0,26.0,79.8
Saudi Arabia,1991,1548.4,6272.63,431.12,7726.4,38.6,41.8,79.4,42.9,20.0,25.9,14.0,0.0,88.2
Saudi Arabia,1992,1480.08,6811.59,444.42,9929.9,36.4,55.6,114.5,32.1,37.4,19.7,9.0,1.8,68.0
Saudi Arabia,1993,1520.87,6827.83,451.22,3803.3,37.3,67.9,172.4,21.9,11.3,24.0,5.0,37.8,72.2
Saudi Arabia,1994,1462.51,6420.87,444.06,6937.9,20.4,76.4,141.4,47.4,19.8,12.3,3.4,17.1,91.0
Saudi Arabia,1995,1486.05,7282.79,453.27,9681.8,39.0,75.3,134.3,12.1,23.6,20.2,13.7,30.3,85.3
Saudi Arabia,1996,1505.52,7438.44,489.73,7941.0,35.5,86.0,63.9,49.6,11.3,13.9,5.6,19.6,65.8
Saudi Arabia,1997,1567.23,7386.65,462.41,10054.9,40.0,75.6,136.3,20.9,19.3,20.7,13.3,25.9,75.2
Saudi Arabia,1998,1504.24,8252.57,515.03,6697.7,23.3,40.6,145.8,44.6,20.1,13.7,10.8,10.8,60.9
Saudi Arabia,1999,1573.27,6767.49,517.42,2615.9,34.6,93.1,90.0,9.4,22.5,33.3,14.4,20.4,63.5
Saudi Arabia,2000,1616.95,7587.6,514.98,8904.7,29.1,92.9,28.3,51.5,32.0,23.3,16.4,0.0,76.2
Saudi Arabia,2001,1657.89,10813.71,468.24,9744.1,29.3,55.8,41.1,17.2,25.4,21.5,10.8,25.2,82.6
Saudi Arabia,2002,1626.96,11405.51,469.79,6245.1,20.2,86.6,127.6,57.2,37.1,31.3,16.0,0.0,97.7
Saudi Arabia,2003,1700.64,10347.72,526.82,9850.5,41.7,30.8,127.8,10.4,18.0,19.9,16.9,34.8,80.2
Saudi Arabia,2004,1556.18,7290.3,532.11,4844.3,20.7,52.9,119.4,46.1,14.2,12.6,14.6,12.5,66.6
Saudi Arabia,2005,1543.56,9564.31,468.79,9247.5,20.0,58.1,129.7,24.3,17.9,15.5,14.2,28.1,74.7
Saudi Arabia,2006,1562.31,9316.19,470.01,6099.3,43.1,71.7,127.4,35.5,13.0,29.2,7.4,14.9,85.9
Saudi Arabia,2007,1638.15,10267.49,596.99,4340.5,19.7,48.0,89.1,44.9,16.3,31.5,12.3,0.0,77.1
Saudi Arabia,2008,1959.83,17176.2,477.65,9543.1,16.3,93.1,38.1,15.0,38.3,27.7,4.2,14.9,73.5
Saudi Arabia,2009,1747.81,14179.84,549.43,7352.9,23.9,47.2,52.9,49.5,30.9,28.0,8.8,0.0,88.7
Saudi Arabia,2010,1703.79,11977.09,523.89,6249.1,33.0,93.0,116.6,26.3,16.3,24.0,19.5,13.9,72.4
Saudi Arabia,2011,1570.15,8296.33,607.01,7666.3,32.7,47.4,22.4,30.4,30.2,21.2,16.9,1.3,90.5
Saudi Arabia,2012,2118.49,21262.42,530.72,11948.9,34.7,69.7,70.1,8.2,40.0,27.6,17.3,7.0,86.0
Saudi Arabia,2013,1925.57,20202.59,734.33,7355.1,15.4,91.4,137.8,52.1,13.4,15.4,17.5,1.6,68.1
Saudi Arabia,2014,2104.47,21692.95,529.13,11414.8,34.5,74.2,85.3,9.3,33.6,30.1,3.3,23.7,94.2
Saudi Arabia,2015,1628.87,10712.56,603.44,10895.6,24.0,84.6,50.2,42.8,25.6,29.9,8.4,0.0,67.8
Saudi Arabia,2016,1942.38,18569.44,800.54,6835.0,10.3,58.2,34.8,20.7,25.2,20.9,16.1,17.1,91.7
Saudi Arabia,2017,1812.35,14210.79,560.18,8021.3,35.3,30.6,114.3,37.0,33.4,10.8,1.0,17.8,94.9
Saudi Arabia,2018,1998.86,18679.51,697.63,7919.0,35.0,35.9,51.9,9.2,17.4,25.9,8.2,39.4,95.1
Saudi Arabia,2019,1562.56,8328.2,568.26,4606.5,19.5,46.1,30.0,21.4,10.4,14.0,11.6,42.7,75.0
Saudi Arabia,2020,1899.47,16180.99,764.23,9904.8,33.6,35.3,172.2,34.4,36.3,32.4,5.3,0.0,78.5
Saudi Arabia,2021,2372.02,28724.92,879.79,13199.4,17.0,70.1,138.9,35.2,38.5,35.0,4.7,0.0,89.1
Saudi Arabia,2022,2185.16,26520.11,695.69,8969.5,23.0,89.8,113.5,25.8,10.2,5.3,9.2,49.5,79.5
Canada,1990,3687.03,7400.56,1253.59,7447.0,18.7,75.9,88.4,6.2,30.6,13.8,11.2,38.1,72.0
Canada,1991,3651.21,7638.32,1276.14,9813.6,12.2,83.6,66.8,14.2,22.2,12.0,10.7,40.9,68.0
Canada,1992,3700.42,7776.0,1291.61,3254.1,27.2,90.3,36.9,33.0,14.7,25.1,15.1,12.1,64.4
Canada,1993,3758.32,8523.62,1303.86,7970.9,19.1,40.4,45.7,30.7,12.1,22.9,5.3,28.9,81.1
Canada,1994,3755.7,9019.65,1350.04,4034.1,20.1,50.1,60.0,33.5,37.7,21.5,11.7,0.0,76.1
Canada,1995,3763.63,8821.44,1355.21,5823.1,22.4,83.9,146.3,57.2,33.3,13.6,16.9,0.0,77.3
Canada,1996,3795.77,10358.42,1342.89,6265.7,27.7,91.2,160.2,50.6,34.7,10.7,14.0,0.0,71.6
Canada,1997,3769.35,8220.75,1370.83,7116.5,27.6,42.6,157.4,21.4,18.9,26.8,4.6,28.4,60.0
Canada,1998,3873.34,11181.18,1468.4,7148.4,31.4,40.4,127.8,44.3,15.1,8.1,4.8,27.6,75.2
Canada,1999,3765.64,8763.73,1483.4,4851.1,14.1,40.7,20.3,31.2,11.3,34.1,14.3,9.0,72.9
Canada,2000,3825.64,10514.77,1360.63,4281.1,10.7,40.8,162.5,22.5,23.5,23.8,2.9,27.3,67.6
Canada,2001,3680.79,9409.86,1430.69,4113.1,17.8,63.7,117.2,52.3,17.7,16.4,17.4,0.0,86.5
Canada,2002,3750.15,9494.22,1670.16,7970.5,29.5,57.0,88.6,23.8,30.5,5.6,14.7,25.4,79.5
Canada,2003,3863.73,11875.03,1599.65,9328.6,16.0,62.5,85.9,49.7,38.6,32.8,18.2,0.0,80.5
Canada,2004,3904.24,12245.29,1388.12,8715.9,14.1,51.9,42.9,24.8,24.0,25.7,17.7,7.9,68.3
Canada,2005,3976.86,14240.91,1436.58,7711.2,41.3,43.3,101.2,55.5,34.5,34.4,17.6,0.0,71.2
Canada,2006,4039.45,16065.58,1387.89,8876.6,29.6,70.8,130.2,10.8,13.4,13.7,12.3,49.8,92.2
Canada,2007,3828.37,10832.33,1369.13,9175.5,28.7,84.3,151.4,54.5,28.7,5.2,3.7,7.9,64.0
Canada,2008,3908.91,11887.95,1816.88,7451.1,16.4,85.6,161.2,25.0,25.0,6.3,7.0,36.7,67.2
Canada,2009,4009.85,13794.0,1418.18,7546.9,38.1,88.6,52.6,40.6,23.9,19.9,8.6,7.1,98.2
Canada,2010,4175.82,23029.68,1422.25,12271.3,12.6,54.4,148.6,16.8,25.5,27.1,11.1,19.5,97.2
Canada,2011,3921.19,14244.69,2103.08,8966.4,21.2,44.3,76.1,25.8,23.9,7.7,12.2,30.5,71.5
Canada,2012,3946.48,13726.54,1712.67,10038.5,33.0,76.1,21.3,13.8,26.3,21.0,1.5,37.4,87.9
Canada,2013,3799.35,11904.61,1899.53,7701.3,10.2,82.3,143.6,39.3,15.7,19.1,14.4,11.5,81.2
Canada,2014,4337.83,22970.71,1864.31,13255.9,36.3,82.2,102.9,26.8,19.7,23.3,18.8,11.5,86.9
Canada,2015,3878.06,11283.96,1978.62,8538.7,36.0,41.0,51.2,9.1,23.8,31.7,1.9,33.5,99.6
Canada,2016,4634.67,30076.75,2107.12,14001.7,32.9,87.8,112.6,57.2,12.3,33.0,7.3,0.0,93.8
Canada,2017,4246.85,22254.14,1559.9,10730.7,35.1,47.6,52.4,28.0,23.2,24.0,15.5,9.2,61.4
Canada,2018,3883.57,13150.89,1824.67,11254.1,27.7,42.2,32.3,37.6,15.6,15.4,7.0,24.4,78.8
Canada,2019,4409.82,26382.76,1805.31,14578.6,33.1,81.8,63.5,23.4,13.2,9.4,0.7,53.4,78.8
Canada,2020,4985.9,38988.8,2123.74,14630.5,19.4,42.4,131.1,57.5,13.5,33.4,14.7,0.0,85.5
Canada,2021,3933.2,14067.45,2107.95,6705.0,33.2,83.0,144.5,40.5,34.8,8.2,10.1,6.4,87.9
Canada,2022,3886.44,11701.02,2287.93,6772.9,25.1,32.0,61.5,37.3,35.0,7.2,13.8,6.8,81.4
Italy,1990,1332.43,721.84,1230.98,5717.9,21.3,88.4,162.1,25.9,20.2,23.6,17.8,12.5,79.8
Italy,1991,1281.5,765.02,1257.46,7066.0,18.7,67.5,30.8,50.4,22.1,8.1,1.2,18.3,62.1
Italy,1992,1323.37,743.29,1293.24,3172.8,36.2,82.4,157.3,25.9,20.1,26.5,14.9,12.6,62.0
Italy,1993,1306.26,758.18,1251.21,3430.7,37.4,66.8,70.0,17.2,18.2,21.4,2.9,40.3,65.4
Italy,1994,1386.19,853.32,1279.14,863.9,36.8,70.5,142.0,56.9,34.1,10.4,8.1,0.0,74.2
Italy,1995,1424.14,883.44,1374.42,5167.1,30.3,94.4,141.1,48.5,25.3,8.8,14.8,2.6,75.9
Italy,1996,1286.99,872.59,1379.35,3681.0,18.0,68.8,168.5,19.5,21.3,19.9,6.9,32.5,69.7
Italy,1997,1382.46,927.02,1312.78,8245.3,44.3,72.2,148.7,26.9,10.6,28.2,3.4,30.9,61.8
Italy,1998,1346.2,1032.48,1407.19,1209.9,25.9,73.9,128.4,41.0,33.2,29.4,9.9,0.0,68.2
Italy,1999,1322.31,850.33,1407.58,5936.7,34.4,72.2,64.0,45.5,31.0,12.4,18.1,0.0,64.2
Italy,2000,1341.81,861.22,1467.34,5253.1,16.3,75.8,92.8,59.0,35.8,25.6,18.8,0.0,88.9
Italy,2001,1349.54,882.98,1305.86,6608.2,31.3,75.5,154.1,15.5,23.3,7.1,7.8,46.3,89.7
Italy,2002,1250.4,1298.41,1640.45,4909.0,27.1,56.1,44.6,26.3,19.9,22.9,17.4,13.5,61.9
Italy,2003,1357.71,1466.98,1526.01,5386.4,22.4,33.4,25.1,26.2,14.7,25.9,2.1,31.1,86.6
Italy,2004,1374.72,1109.3,1351.45,5384.1,40.8,87.4,125.4,20.7,16.0,33.1,0.4,29.8,77.5
Italy,2005,1314.63,1595.64,1406.65,6509.4,20.0,82.2,179.6,6.2,24.5,20.0,6.4,42.8,65.3
Italy,2006,1340.95,866.78,1769.72,5429.8,44.1,60.2,155.6,25.7,30.2,28.5,10.6,5.0,83.6
Italy,2007,1319.62,904.4,1857.82,6898.6,39.8,91.0,33.6,16.0,18.6,9.9,5.0,50.5,69.0
Italy,2008,1225.26,1213.52,1381.29,2445.0,18.0,60.5,63.0,33.6,26.9,33.3,3.9,2.3,85.7
Italy,2009,1312.18,1821.25,1530.41,3291.8,18.1,38.4,61.0,49.9,26.8,12.7,5.3,5.3,61.6
Italy,2010,1353.95,1248.33,1775.42,1343.7,17.4,82.6,43.5,21.8,32.3,6.4,4.4,35.1,88.2
Italy,2011,1290.71,1044.42,1414.96,4447.4,20.6,66.6,148.6,48.0,23.7,25.9,7.8,0.0,66.4
Italy,2012,1256.31,1042.71,1768.83,4604.1,15.0,70.6,63.8,26.9,27.4,33.4,1.4,10.9,80.3
Italy,2013,1311.77,1522.47,1587.83,7124.6,12.0,57.2,93.3,23.1,25.2,5.7,6.3,39.7,92.8
Italy,2014,1448.67,2136.48,1822.56,6145.0,37.2,86.0,70.2,35.5,23.5,13.6,6.0,21.5,75.3
Italy,2015,1389.54,3059.75,2162.31,4203.9,16.8,61.8,138.7,51.0,39.0,18.2,7.9,0.0,93.9
Italy,2016,1317.16,1749.2,1797.32,7311.5,22.6,85.9,85.1,28.5,26.6,11.9,14.9,18.2,81.3
Italy,2017,1317.02,2567.83,1506.96,2743.5,43.3,41.4,110.8,49.5,33.4,11.5,14.3,0.0,92.0
Italy,2018,1303.21,2105.12,1857.01,5967.1,18.0,65.9,79.5,24.0,15.2,5.1,9.0,46.7,74.1
Italy,2019,1368.04,2161.54,1582.77,3238.3,17.7,41.9,152.1,35.5,15.6,30.8,5.2,12.9,69.1
Italy,2020,1321.34,1482.77,2474.16,8219.3,30.0,39.3,79.9,31.4,25.0,11.5,5.4,26.7,66.8
Italy,2021,1408.52,1122.74,2021.87,7175.2,37.9,41.4,127.6,44.5,33.1,18.9,14.3,0.0,89.4
Italy,2022,1336.77,1404.79,1658.76,7477.0,18.7,47.1,20.1,12.6,39.0,29.6,4.1,14.7,67.4
Bangladesh,1990,1346.61,12565.21,1050.62,4972.9,27.0,89.8,26.4,11.9,14.2,27.4,9.4,37.1,91.3
Bangladesh,1991,1340.0,12873.98,1060.24,6148.3,41.8,60.4,94.6,46.0,28.1,25.6,0.4,0.0,72.5
Bangladesh,1992,1423.83,13443.61,1079.39,9009.9,45.0,80.0,83.7,40.1,10.3,6.0,17.0,26.6,87.4
Bangladesh,1993,1428.12,14603.13,1077.37,5109.4,17.2,52.1,101.7,19.6,30.6,28.8,6.1,14.9,61.4
Bangladesh,1994,1382.4,14446.35,1115.2,5210.7,11.2,65.8,90.1,56.3,20.4,8.2,9.8,5.3,90.7
Bangladesh,1995,1441.91,16186.91,1094.48,5543.4,25.7,45.4,27.9,17.2,18.1,12.3,19.8,32.6,67.9
Bangladesh,1996,1472.56,15937.2,1119.38,6582.4,23.3,82.1,82.7,36.7,37.8,9.4,19.4,0.0,97.9
Bangladesh,1997,1497.98,17392.41,1107.11,11513.5,18.3,74.0,110.5,53.7,16.4,24.0,15.2,0.0,99.4
Bangladesh,1998,1423.01,13966.98,1096.73,10891.5,28.4,80.4,57.5,14.9,33.0,15.2,3.5,33.4,76.9
Bangladesh,1999,1560.86,16005.57,1104.8,12512.9,33.4,90.7,62.5,48.7,23.9,21.1,19.9,0.0,76.0
Bangladesh,2000,1555.08,16222.76,1305.55,12470.5,41.0,78.0,64.4,38.8,21.0,16.8,13.9,9.5,97.5
Bangladesh,2001,1464.37,16324.74,1367.7,5474.6,35.1,75.9,119.6,34.8,33.1,7.7,4.2,20.2,80.1
Bangladesh,2002,1574.63,18366.77,1186.98,8585.4,39.2,90.8,49.7,6.1,17.6,20.5,0.3,55.5,70.6
Bangladesh,2003,1528.04,18134.86,1422.29,6404.0,13.2,40.6,115.2,33.3,27.2,32.8,12.9,0.0,76.6
Bangladesh,2004,1381.78,17118.38,1283.78,10599.9,36.3,79.0,112.5,56.2,33.5,11.0,2.6,0.0,87.0
Bangladesh,2005,1878.02,28138.61,1442.29,14619.4,11.9,30.4,54.0,35.8,33.7,27.2,12.5,0.0,99.5
Bangladesh,2006,1754.42,20201.19,1504.4,13277.1,41.8,50.4,130.6,34.3,13.4,29.8,5.0,17.4,91.1
Bangladesh,2007,1581.02,18674.64,1219.61,7487.1,22.0,57.9,153.0,57.6,30.9,22.9,9.2,0.0,74.6
Bangladesh,2008,1746.35,23986.45,1273.8,11392.1,20.5,68.7,89.4,24.4,29.1,27.5,13.6,5.4,67.9
Bangladesh,2009,1592.33,17707.73,1207.05,9912.5,41.6,52.4,137.3,32.2,33.7,19.3,10.7,4.1,90.8
Bangladesh,2010,2229.89,34011.79,1452.64,15631.3,41.4,56.0,72.3,41.4,22.3,31.9,3.3,1.2,99.8
Bangladesh,2011,1503.87,15660.24,1643.35,11205.4,13.7,67.5,94.2,11.5,10.4,31.7,4.9,41.4,89.2
Bangladesh,2012,1478.82,16202.17,1561.47,9352.8,13.6,41.2,110.9,49.6,35.8,34.7,5.9,0.0,88.4
Bangladesh,2013,1652.11,22082.27,1803.29,13265.2,44.4,46.9,175.2,11.3,22.2,30.4,7.4,28.7,83.6
Bangladesh,2014,1460.61,16936.77,1214.43,10771.1,26.0,44.7,118.2,32.7,29.4,34.2,1.1,2.6,83.0
Bangladesh,2015,1666.6,21992.27,1583.77,9791.7,38.8,83.3,96.4,52.5,24.4,7.4,11.2,4.5,73.3
Bangladesh,2016,2532.38,44994.96,1416.67,15566.4,13.0,60.3,97.1,13.5,35.5,20.6,18.7,11.7,92.2
Bangladesh,2017,2738.62,49442.59,1353.45,18190.2,38.3,83.5,81.5,43.1,10.2,17.8,3.9,25.0,96.4
Bangladesh,2018,3179.61,58747.06,1290.55,25127.2,33.9,64.6,25.2,14.6,18.6,20.5,5.3,41.0,68.4
Bangladesh,2019,2140.51,32929.35,1534.78,11587.9,33.0,93.1,110.0,38.0,12.7,6.7,7.4,35.2,88.8
Bangladesh,2020,2121.93,31293.6,1307.86,14484.1,42.8,73.0,32.3,35.5,22.7,22.0,7.3,12.5,97.4
Bangladesh,2021,1958.27,29340.21,1719.2,12326.1,39.2,83.0,117.9,8.0,30.2,31.7,16.1,14.0,67.4
Bangladesh,2022,1622.31,20422.28,1543.72,9725.5,33.7,72.8,31.2,21.3,31.5,7.5,16.2,23.4,88.8
Japan,1990,1145.41,7935.42,255.31,6024.5,15.9,87.2,109.1,45.1,13.0,26.5,13.6,1.7,93.2
Japan,1991,1130.23,8305.01,261.48,4644.8,41.0,90.7,166.6,7.3,10.7,16.2,3.0,62.9,82.3
Japan,1992,1294.02,8612.21,264.37,6107.7,36.3,64.5,128.4,55.5,21.7,30.3,0.0,0.0,66.7
Japan,1993,1198.68,9218.4,261.43,9512.5,28.9,84.9,89.0,6.7,19.8,32.2,1.9,39.3,84.3
Japan,1994,1263.57,8895.1,279.95,5052.3,39.5,61.5,102.3,29.8,38.2,8.7,4.2,19.1,61.2
Japan,1995,1088.68,9033.55,262.78,5250.1,10.2,93.6,174.5,28.9,18.3,31.1,12.1,9.6,84.6
Japan,1996,1308.25,9461.95,286.79,5932.1,33.5,82.4,171.5,34.3,12.8,18.4,20.0,14.6,93.4
Japan,1997,1205.71,9323.53,303.08,3490.3,31.1,72.9,130.1,54.1,34.7,8.1,4.5,0.0,60.1
Japan,1998,1106.41,9011.27,308.1,4562.3,31.8,44.5,69.2,21.7,13.3,19.2,13.5,32.3,95.0
Japan,1999,1304.52,9318.44,275.32,6431.6,36.5,88.4,33.5,46.2,38.2,6.6,0.2,8.8,86.5
Japan,2000,1267.2,10628.9,273.77,3813.1,33.2,69.2,46.1,20.9,17.6,14.9,5.4,41.2,80.5
Japan,2001,1357.27,14066.61,329.74,7867.2,11.8,32.6,111.8,29.2,25.4,25.2,7.7,12.5,70.1
Japan,2002,1272.95,11267.28,272.92,8254.6,10.4,81.2,69.0,14.1,20.5,27.3,15.1,23.0,86.7
Japan,2003,1276.06,11636.42,349.61,8072.4,19.6,76.1,63.4,17.9,27.6,22.1,9.7,22.7,82.0
Japan,2004,1464.91,16839.42,303.78,9675.8,11.8,57.7,153.2,32.0,27.0,26.5,2.2,12.3,90.0
Japan,2005,1292.76,10886.68,350.48,10744.0,13.3,59.3,74.0,12.5,12.0,34.3,19.1,22.1,62.4
Japan,2006,1503.5,18278.89,283.96,7567.1,36.3,33.3,98.8,29.4,15.6,19.6,16.6,18.9,98.0
Japan,2007,1343.87,13057.42,332.16,5627.5,30.0,82.4,141.6,39.9,20.6,23.1,6.2,10.2,96.4
Japan,2008,1354.31,10881.47,294.6,5775.7,22.6,56.5,128.8,52.9,26.7,14.7,5.9,0.0,61.3
Japan,2009,1294.09,11489.94,357.19,5895.7,41.0,88.2,67.6,49.9,23.5,14.8,9.4,2.4,92.7
Japan,2010,1329.49,12143.25,332.04,5947.0,33.5,83.7,127.7,11.9,35.7,31.9,18.9,1.6,75.9
Japan,2011,1381.85,11498.03,385.05,6653.0,33.5,47.6,33.0,16.9,21.2,15.0,3.5,43.3,84.3
Japan,2012,2076.81,28376.27,305.05,16426.0,44.2,81.6,125.5,31.2,36.0,6.0,12.9,14.0,90.5
Japan,2013,1410.63,13837.96,354.34,9296.8,24.4,57.8,72.8,46.8,36.6,26.9,18.6,0.0,73.3
Japan,2014,1736.03,19517.81,430.53,7866.8,42.7,74.8,151.7,32.7,10.4,5.2,4.8,46.9,64.0
Japan,2015,1306.82,10382.66,433.13,3915.8,41.1,94.5,67.1,19.3,15.3,5.9,18.2,41.3,60.3
Japan,2016,1391.85,13455.03,430.6,6434.2,40.3,36.7,40.2,45.5,14.6,32.4,17.9,0.0,86.2
Japan,2017,1921.89,25264.38,401.24,12602.9,33.9,67.4,88.6,42.0,10.2,34.5,17.6,0.0,95.8
Japan,2018,1437.16,15330.2,449.06,6796.1,34.2,45.2,120.1,41.3,20.3,31.8,5.8,0.8,82.5
Japan,2019,1373.31,11540.08,318.17,8507.0,39.7,32.9,137.5,10.5,37.7,9.2,4.5,38.1,82.3
Japan,2020,1540.1,17681.53,394.03,12770.9,21.6,60.2,22.2,47.0,28.6,12.0,0.0,12.4,90.3
Japan,2021,1289.29,11274.13,438.85,7080.2,29.2,41.4,67.3,59.2,34.3,18.8,18.1,0.0,76.4
Japan,2022,2069.43,30705.47,550.58,10089.8,41.2,67.5,110.2,33.9,24.3,18.4,15.5,7.9,81.1
Vietnam,1990,1856.22,1843.04,841.68,2127.5,35.0,49.1,104.1,22.4,17.7,6.1,11.7,42.0,69.2
Vietnam,1991,1815.22,1925.78,861.04,7019.2,33.7,74.2,171.3,13.1,29.6,25.4,15.0,16.8,80.1
Vietnam,1992,1779.9,2005.31,871.69,5552.6,10.6,77.4,71.8,54.2,38.1,29.2,12.7,0.0,72.1
Vietnam,1993,1837.93,2092.69,883.07,3698.3,14.7,36.1,153.0,59.1,18.2,11.1,8.8,2.8,62.3
Vietnam,1994,1899.87,1957.46,886.45,6554.3,37.3,37.7,20.0,58.8,27.7,21.7,13.1,0.0,79.9
Vietnam,1995,1829.95,2303.44,893.99,3099.6,10.5,65.1,156.2,6.8,28.4,26.5,8.3,30.0,90.3
Vietnam,1996,1879.34,2275.08,876.09,5299.1,23.3,69.5,82.2,17.5,16.6,9.8,7.4,48.6,93.9
Vietnam,1997,1896.69,2146.53,883.18,3505.8,13.4,41.5,178.0,50.5,21.5,22.7,14.4,0.0,69.6
Vietnam,1998,1778.73,2800.33,1024.79,5710.5,38.4,51.3,68.9,14.2,39.2,23.5,19.6,3.4,73.5
Vietnam,1999,1863.75,2407.6,992.21,6338.7,21.0,38.7,121.2,43.7,16.7,12.8,10.2,16.6,72.8
Vietnam,2000,1858.83,2853.19,1016.11,7007.0,40.6,62.5,136.8,14.2,17.9,6.1,14.1,47.7,79.7
Vietnam,2001,1848.65,2866.18,926.15,1552.5,20.0,58.8,118.7,10.2,15.2,8.1,12.3,54.3,63.8
Vietnam,2002,1876.17,2237.09,1122.32,1981.5,26.7,68.1,106.6,46.5,10.6,12.5,17.8,12.6,88.7
Vietnam,2003,1917.21,2216.71,911.4,1956.1,30.5,65.4,57.4,9.0,34.6,19.8,16.9,19.6,84.0
Vietnam,2004,1863.18,2180.4,1036.2,6323.9,18.8,50.0,118.2,42.5,39.8,12.0,12.5,0.0,78.4
Vietnam,2005,1881.6,4108.52,1152.92,6106.0,35.6,53.7,122.6,7.2,10.4,8.6,13.0,60.8,82.7
Vietnam,2006,1939.17,3732.28,1087.25,4309.3,41.9,31.4,70.5,35.4,11.0,19.1,18.5,16.0,75.9
Vietnam,2007,1835.17,2289.6,1185.06,6452.7,21.6,73.9,83.3,39.4,33.4,28.5,10.4,0.0,94.3
Vietnam,2008,1947.87,3171.5,1282.96,3333.0,14.2,68.0,175.1,26.5,36.7,12.2,5.6,19.0,62.1
Vietnam,2009,1837.78,3166.37,947.29,3994.7,27.7,40.5,125.3,48.8,22.5,11.9,4.6,12.2,96.1
Vietnam,2010,1777.09,2519.62,1317.7,4367.1,23.6,72.9,90.7,50.9,26.6,23.5,9.5,0.0,75.7
Vietnam,2011,1973.68,4409.2,958.91,7925.7,42.9,72.2,172.7,55.4,13.8,17.6,6.9,6.4,79.9
Vietnam,2012,1872.75,4376.22,1209.97,4823.8,21.8,38.2,82.7,30.2,25.6,9.2,10.3,24.8,69.7
Vietnam,2013,1859.02,2786.38,1317.91,2902.1,12.0,65.9,115.2,15.1,11.9,27.9,8.5,36.5,85.1
Vietnam,2014,1931.71,3515.66,1387.96,5606.8,12.8,66.8,165.3,45.0,30.4,19.1,7.8,0.0,75.0
Vietnam,2015,1922.3,3841.69,1104.42,2728.5,15.3,58.1,115.3,40.2,24.8,30.5,17.5,0.0,66.8
Vietnam,2016,2124.52,6787.95,998.77,6112.7,32.1,83.9,145.4,12.5,28.9,14.0,0.4,44.2,95.5
Vietnam,2017,1955.0,3483.02,1589.11,2477.5,40.6,93.1,48.3,17.5,37.9,26.5,15.3,2.9,68.1
Vietnam,2018,1857.42,5384.54,1622.57,7157.2,26.8,82.6,172.1,17.9,25.6,10.2,6.1,40.2,72.9
Vietnam,2019,1990.47,2538.67,1705.46,1907.6,38.5,48.2,41.1,13.8,16.2,28.7,3.3,38.1,61.1
Vietnam,2020,1930.14,4351.1,1009.87,6301.3,41.6,54.9,54.6,39.6,39.3,14.9,2.4,3.8,82.8
Vietnam,2021,2002.41,4912.33,1012.15,8127.4,38.9,68.2,76.5,54.8,33.5,23.7,6.3,0.0,81.7
Vietnam,2022,2212.5,9135.75,1472.35,9123.8,30.9,56.9,173.3,10.0,30.4,26.8,19.3,13.6,70.4
Ukraine,1990,1493.56,10845.22,847.52,5139.9,12.1,69.3,142.2,6.0,26.4,26.2,15.8,25.6,67.7
Ukraine,1991,1604.49,11315.1,853.12,7208.3,15.7,42.0,52.4,19.4,25.4,14.9,17.2,23.1,79.0
Ukraine,1992,1619.26,11490.85,857.76,6930.7,27.9,61.4,81.2,49.0,27.4,28.2,6.7,0.0,93.3
Ukraine,1993,1663.55,12034.22,863.49,4643.9,30.1,66.8,160.5,20.1,26.4,11.4,9.5,32.6,72.7
Ukraine,1994,1747.99,12584.9,932.57,4640.7,13.4,32.9,49.6,19.7,39.0,9.8,15.7,15.8,99.4
Ukraine,1995,1647.06,11527.63,953.85,10274.5,20.4,35.0,47.2,6.1,31.0,12.6,0.8,49.5,76.1
Ukraine,1996,1645.52,11953.39,886.2,7975.2,18.6,53.3,178.3,56.4,10.4,22.6,10.0,0.5,94.9
Ukraine,1997,1634.89,12214.26,925.43,8324.8,12.7,30.3,127.3,9.6,30.4,25.4,13.4,21.1,97.7
Ukraine,1998,1772.5,15082.85,941.38,8697.2,24.5,31.6,73.7,50.3,11.3,19.1,8.0,11.4,72.4
Ukraine,1999,1829.04,16317.01,937.77,8343.7,18.3,36.3,48.6,29.8,21.5,18.0,19.6,11.1,63.5
Ukraine,2000,1829.36,17644.82,1018.54,9895.4,26.6,90.0,31.6,55.7,24.4,23.7,16.6,0.0,74.4
Ukraine,2001,1864.89,18378.97,1110.23,7818.7,40.6,84.0,55.9,28.7,22.3,16.2,18.5,14.3,93.2
Ukraine,2002,1739.7,15456.68,991.88,12473.7,16.3,81.9,73.5,11.0,13.2,17.8,2.0,56.0,84.8
Ukraine,2003,1989.39,17815.37,1119.67,11875.9,40.3,33.9,130.7,12.9,25.7,5.2,6.3,49.9,87.1
Ukraine,2004,1731.99,13731.82,1019.95,8734.0,24.1,63.8,179.4,31.6,39.3,31.2,7.2,0.0,61.8
Ukraine,2005,1832.53,16847.37,950.3,6744.7,43.2,87.2,165.1,51.5,37.3,29.6,2.6,0.0,99.9
Ukraine,2006,2334.91,27375.14,980.74,11378.3,33.4,61.4,86.9,19.2,31.7,32.2,4.7,12.1,96.3
Ukraine,2007,1915.79,20707.94,974.22,10250.4,29.4,67.1,53.6,22.0,39.3,13.4,19.1,6.2,62.1
Ukraine,2008,2214.44,24838.57,935.53,10612.8,37.3,66.7,61.8,44.0,26.0,19.3,4.5,6.2,88.2
Ukraine,2009,2352.47,27312.34,1227.81,13269.5,27.1,38.7,61.8,15.5,26.6,12.6,19.1,26.2,61.1
Ukraine,2010,2003.44,19954.11,1187.0,10339.0,20.1,30.4,99.4,16.0,17.3,17.4,4.7,44.7,79.7
Ukraine,2011,1650.96,13702.27,1199.96,11671.7,16.1,60.7,34.6,53.0,31.4,22.4,1.8,0.0,87.8
Ukraine,2012,2275.66,26409.58,1202.02,11478.1,28.2,88.3,51.4,14.2,33.6,12.5,8.3,31.4,74.0
Ukraine,2013,2263.43,26640.24,1373.19,11714.6,36.2,89.3,111.5,52.2,13.8,22.0,2.8,9.2,88.2
Ukraine,2014,1755.42,17053.77,1085.78,7106.0,18.6,49.9,108.8,54.8,23.0,19.6,18.5,0.0,80.8
Ukraine,2015,2418.49,29452.24,999.8,9994.1,16.0,63.7,54.2,31.8,27.3,25.7,2.1,13.0,92.8
Ukraine,2016,1939.22,20176.6,1185.95,12642.0,10.5,72.2,127.0,29.0,12.2,28.6,7.5,22.8,64.0
Ukraine,2017,2447.29,29864.8,1381.47,14552.4,42.6,94.8,135.2,39.9,36.4,31.6,19.2,0.0,94.7
Ukraine,2018,1977.45,21277.67,1584.36,7252.5,18.1,88.3,61.0,5.1,21.4,29.6,7.3,36.6,84.1
Ukraine,2019,3075.99,48431.73,1305.21,20091.2,18.4,79.3,141.6,38.3,21.0,32.1,10.1,0.0,78.6
Ukraine,2020,2180.19,23171.74,1256.55,9024.2,44.2,72.0,169.5,59.9,24.8,10.4,10.3,0.0,92.6
Ukraine,2021,3005.45,46795.14,1511.28,21780.8,23.8,38.5,127.5,47.7,33.7,26.2,5.1,0.0,94.5
Ukraine,2022,3093.69,46391.19,1430.88,15968.5,27.7,50.3,88.4,54.1,15.8,8.9,19.5,1.6,94.7
Spain,1990,1628.92,4682.88,568.05,8724.3,23.0,78.8,163.5,54.1,36.6,21.3,12.9,0.0,81.8
Spain,1991,1551.67,4927.83,572.97,9150.5,23.2,52.1,30.0,7.8,32.4,20.2,13.0,26.7,80.1
Spain,1992,1632.48,4895.28,581.01,8034.8,40.6,49.7,157.4,32.0,15.2,13.4,3.2,36.3,67.8
Spain,1993,1642.04,5465.46,603.34,3239.9,34.2,91.4,129.2,58.5,14.6,13.1,11.8,2.0,84.4
Spain,1994,1513.23,5526.64,603.41,3057.6,20.9,82.2,157.8,13.5,33.8,28.6,4.7,19.4,71.5
Spain,1995,1618.27,5091.31,639.72,4493.6,33.2,78.9,149.9,56.6,34.8,25.9,1.6,0.0,76.7
Spain,1996,1701.09,6381.15,594.57,7702.2,36.0,74.1,60.4,35.8,15.6,18.4,12.0,18.1,73.1
Spain,1997,1638.88,6751.4,602.21,2927.7,35.1,60.9,155.9,48.0,35.2,14.7,16.8,0.0,64.1
Spain,1998,1686.49,7015.39,644.85,4023.6,35.2,63.2,116.7,51.1,14.6,7.5,12.8,14.0,78.9
Spain,1999,1738.97,6274.6,688.36,8604.1,34.8,36.9,154.2,54.9,20.9,13.6,10.0,0.5,78.2
Spain,2000,1685.01,6181.22,710.2,7794.7,13.9,56.5,161.8,23.9,30.8,27.8,17.1,0.4,98.9
Spain,2001,1628.31,5360.4,739.18,7201.8,32.1,47.6,59.8,19.7,31.5,16.8,13.5,18.5,79.0
Spain,2002,1722.98,8292.83,662.2,4032.3,10.4,65.4,176.1,59.7,31.9,33.6,16.7,0.0,96.1
Spain,2003,1844.03,6744.22,664.56,5104.0,28.2,58.6,160.8,49.8,23.8,12.6,7.4,6.5,60.8
Spain,2004,1732.63,5922.7,798.86,4151.6,12.6,73.1,115.3,33.8,25.2,20.8,19.5,0.8,96.5
Spain,2005,1626.2,7376.65,694.04,8601.0,16.8,83.3,123.8,13.9,21.1,17.7,7.2,40.1,91.9
Spain,2006,1551.76,6720.24,780.33,6362.6,21.2,68.7,179.3,33.8,27.2,30.6,16.1,0.0,65.3
Spain,2007,1662.69,7968.44,841.9,5478.2,11.9,43.3,87.0,44.3,23.1,13.8,1.0,17.8,79.5
Spain,2008,1717.44,6233.61,636.63,7800.3,42.5,58.0,39.1,24.5,17.5,25.8,15.4,16.7,69.8
Spain,2009,1846.51,9105.81,712.24,6042.9,31.7,76.7,37.7,7.7,35.5,5.3,18.7,32.8,85.1
Spain,2010,1709.84,7988.19,748.43,7963.4,27.8,86.0,158.6,22.7,17.4,5.3,4.7,49.9,65.5
Spain,2011,1637.77,5830.9,870.97,5704.8,44.6,61.4,177.9,38.7,15.0,20.9,11.8,13.7,71.9
Spain,2012,1842.0,10396.96,974.64,10050.6,13.4,75.9,75.3,6.9,11.1,5.8,14.8,61.4,72.7
Spain,2013,1630.72,5934.13,765.76,4040.9,38.7,51.9,152.4,48.8,23.0,18.6,10.3,0.0,88.5
Spain,2014,1616.7,6446.9,700.03,6600.7,20.2,57.1,80.3,20.0,13.6,21.7,6.5,38.1,77.7
Spain,2015,2087.6,17354.78,1005.55,9403.6,21.6,36.9,172.5,40.6,24.8,23.6,10.9,0.1,89.6
Spain,2016,1768.88,8877.05,762.91,4395.3,37.4,38.0,121.6,43.8,26.0,25.4,17.5,0.0,77.3
Spain,2017,1709.49,7225.41,675.02,9488.3,16.7,83.4,107.1,27.7,32.9,22.5,1.4,15.5,95.7
Spain,2018,1702.24,7811.09,1047.01,2942.5,27.9,80.0,169.6,6.7,32.5,27.8,19.1,14.0,62.2
Spain,2019,2220.74,22404.03,1049.48,13882.6,17.0,48.5,66.2,37.8,22.8,14.9,1.8,22.6,82.5
Spain,2020,1870.56,14019.65,725.7,9890.2,15.9,50.2,100.5,31.3,13.1,23.4,14.8,17.4,90.7
Spain,2021,2172.23,21139.73,1042.83,11683.4,15.5,65.6,34.0,54.8,22.3,33.6,17.3,0.0,71.9
Spain,2022,1629.37,6857.41,793.0,9724.6,43.4,52.9,26.9,13.8,23.1,17.1,11.5,34.6,83.3
Netherlands,1990,5034.09,3622.94,549.71,2402.0,44.3,54.8,144.0,46.2,25.3,8.1,17.2,3.1,72.4
Netherlands,1991,4901.93,3693.96,554.07,8643.7,42.1,87.7,120.1,58.4,13.5,33.7,1.8,0.0,69.2
Netherlands,1992,4958.26,3997.44,556.75,4210.2,21.0,71.3,77.0,7.6,31.2,30.5,8.7,22.1,97.1
Netherlands,1993,4888.45,4202.63,570.83,2752.8,16.9,45.4,68.0,37.5,28.9,30.4,5.9,0.0,74.2
Netherlands,1994,5029.74,4273.32,588.1,7002.6,22.7,83.6,52.7,54.8,37.0,34.3,18.0,0.0,65.1
Netherlands,1995,4939.56,3980.61,569.78,8321.8,22.0,74.5,24.1,50.3,22.3,34.7,9.4,0.0,82.2
Netherlands,1996,4964.65,4704.55,588.13,2329.4,31.3,45.7,81.9,34.1,19.7,7.3,17.9,21.0,92.1
Netherlands,1997,4969.27,5289.18,569.72,5715.7,14.3,50.0,168.2,12.7,33.3,23.8,8.2,22.1,70.2
Netherlands,1998,5057.5,4181.51,666.21,3297.9,36.0,65.5,161.5,52.3,31.0,21.4,12.2,0.0,63.6
Netherlands,1999,5080.26,4321.09,592.3,8670.0,21.5,54.2,141.6,31.1,15.8,11.3,13.2,28.6,96.5
Netherlands,2000,4982.0,4726.26,697.12,7452.3,30.9,87.3,27.9,27.2,16.2,24.5,17.4,14.7,89.9
Netherlands,2001,4892.8,4570.64,682.6,8765.3,24.8,52.2,173.8,52.8,26.1,27.6,2.8,0.0,73.9
Netherlands,2002,5010.48,5302.04,655.55,4728.0,41.8,67.0,141.9,26.4,25.3,32.9,17.5,0.0,65.4
Netherlands,2003,5088.15,5434.66,729.17,4854.8,37.8,91.2,119.7,14.5,20.7,13.7,12.3,38.7,96.1
Netherlands,2004,5039.77,6899.02,736.38,8907.5,23.8,33.3,84.3,57.9,29.6,30.1,10.5,0.0,68.3
Netherlands,2005,5163.66,7261.89,658.78,7439.1,16.5,78.7,107.3,33.9,26.7,27.3,4.4,7.8,74.7
Netherlands,2006,4952.38,4989.4,653.19,7611.4,26.9,44.0,174.8,25.0,38.8,18.3,15.1,2.8,90.0
Netherlands,2007,5011.4,8987.48,714.01,8500.8,18.8,59.0,39.8,19.6,27.2,31.8,9.5,11.9,97.8
Netherlands,2008,5046.16,5201.83,601.55,2355.0,44.2,45.8,126.1,16.8,12.2,31.7,17.0,22.3,99.7
Netherlands,2009,5076.71,5052.32,794.32,6517.6,35.6,80.0,176.1,42.4,38.1,29.8,16.9,0.0,82.8
Netherlands,2010,5128.01,7738.94,695.52,7685.2,12.4,88.3,39.1,26.0,38.0,18.0,10.8,7.2,77.8
Netherlands,2011,5124.36,8233.48,719.1,6520.8,39.9,52.1,159.1,36.1,24.1,6.4,17.6,15.7,77.8
Netherlands,2012,4990.56,4962.82,859.72,8345.5,16.4,58.0,46.5,37.4,14.2,5.1,4.9,38.4,88.2
Netherlands,2013,5228.06,9284.9,674.43,4873.6,11.5,50.9,109.6,10.5,37.3,11.5,4.1,36.7,67.3
Netherlands,2014,5244.74,12483.04,850.25,7510.4,43.4,76.8,168.8,5.8,33.2,31.3,12.3,17.5,67.5
Netherlands,2015,4990.12,4959.67,891.35,2897.7,20.6,64.6,110.3,20.7,24.3,33.6,4.9,16.5,89.3
Netherlands,2016,5211.73,10051.83,681.95,6363.6,31.6,93.0,136.4,29.2,18.9,18.7,1.4,31.8,91.9
Netherlands,2017,5226.94,10334.54,697.18,8600.5,31.8,69.2,98.4,18.4,31.8,7.1,19.1,23.7,67.7
Netherlands,2018,5165.29,9867.66,761.12,7355.1,16.9,82.3,49.7,53.6,34.3,34.0,9.6,0.0,89.1
Netherlands,2019,5250.49,12254.19,816.93,6251.9,29.5,52.6,169.3,25.4,15.5,18.3,3.3,37.5,99.3
Netherlands,2020,5591.02,18647.08,860.45,8553.3,35.8,32.4,96.0,10.3,27.7,23.8,10.8,27.5,86.5
Netherlands,2021,4986.48,5023.68,900.71,7562.1,27.0,35.6,175.6,11.4,26.7,13.6,18.8,29.5,90.5
Netherlands,2022,5208.35,11200.55,951.22,5634.7,26.9,57.9,32.0,58.5,11.1,13.6,3.9,12.9,60.4
USA,1990,719.13,10122.98,1076.48,3810.4,11.8,84.2,38.9,18.3,30.4,11.9,10.2,29.2,95.5
USA,1991,880.81,10247.07,1091.29,9904.1,19.2,57.4,26.4,43.2,21.8,16.2,9.1,9.7,67.1
USA,1992,715.2,10918.41,1101.7,6142.0,13.7,53.8,35.9,39.9,20.9,30.6,15.1,0.0,84.4
USA,1993,914.93,11662.79,1156.96,11274.4,40.3,69.1,132.1,25.0,16.3,28.3,9.7,20.7,69.0
USA,1994,753.54,11517.12,1140.92,9638.5,19.9,50.7,167.9,15.7,15.0,28.3,4.6,36.4,81.1
USA,1995,865.28,10788.25,1158.03,10582.5,31.4,65.5,60.0,29.8,27.4,31.3,17.4,0.0,78.0
USA,1996,828.36,12658.86,1179.12,5044.5,10.6,92.6,80.3,5.8,22.8,23.2,11.2,37.0,86.1
USA,1997,1015.74,13335.57,1127.16,9624.0,42.6,67.4,40.2,13.5,29.4,10.5,15.0,31.6,73.6
USA,1998,943.32,12855.48,1287.18,9221.8,41.5,70.5,41.0,44.0,11.4,17.2,14.1,13.2,69.1
USA,1999,934.35,12696.11,1167.25,11125.0,36.6,74.0,68.2,48.7,28.9,22.6,7.1,0.0,79.3
USA,2000,875.47,14102.2,1183.41,9355.3,11.4,51.2,95.0,37.9,24.2,25.9,8.7,3.3,68.1
USA,2001,924.56,12237.93,1407.79,5739.6,14.6,43.2,143.0,16.8,10.2,14.0,15.0,44.1,91.8
USA,2002,766.35,11550.01,1152.3,7308.7,38.6,87.5,33.9,16.1,38.8,20.1,18.3,6.7,88.3
USA,2003,995.09,16217.61,1451.6,8275.1,39.0,38.7,169.7,44.7,12.6,11.6,0.2,30.9,88.6
USA,2004,1342.8,21970.26,1246.18,9582.4,34.5,79.7,168.7,23.9,33.6,15.2,16.4,10.9,65.2
USA,2005,963.1,13672.39,1469.38,10140.8,12.2,55.2,65.2,14.5,20.2,17.3,7.0,41.0,90.5
USA,2006,1431.52,25265.86,1314.1,14093.6,25.2,86.5,48.9,10.3,20.5,30.1,1.3,37.7,97.7
USA,2007,1524.43,26137.69,1261.54,10788.0,36.5,55.6,117.3,59.2,12.7,13.7,7.4,6.9,91.1
USA,2008,950.23,14823.84,1202.49,7196.6,26.6,40.9,76.8,37.8,29.3,27.7,2.4,2.8,93.3
USA,2009,1072.1,17750.43,1209.43,10199.9,41.0,39.9,115.6,43.8,27.3,31.7,14.0,0.0,68.1
USA,2010,1412.95,24439.4,1399.7,11616.6,10.3,75.0,125.8,28.6,24.8,6.7,19.1,20.8,65.1
USA,2011,924.7,12983.11,1393.43,11737.7,24.7,62.6,165.6,43.4,25.2,5.8,18.5,7.2,94.1
USA,2012,1642.46,29544.34,1748.28,12790.0,26.6,55.1,174.7,33.8,16.9,8.6,7.3,33.4,70.2
USA,2013,1540.85,27773.38,1254.16,15304.2,26.8,34.5,108.0,32.9,39.0,22.2,17.8,0.0,86.0
USA,2014,991.23,16358.87,1794.84,9590.3,11.9,93.2,102.0,31.1,35.6,19.1,17.4,0.0,71.7
USA,2015,1158.42,18559.75,1538.54,12501.9,20.7,42.5,40.7,12.1,35.7,22.6,17.8,11.9,97.5
USA,2016,1286.98,23892.93,1378.24,8914.3,21.6,91.1,74.9,7.9,25.0,16.2,12.5,38.3,91.7
USA,2017,2346.89,48083.53,1596.52,16268.8,41.2,59.9,133.5,20.4,26.7,26.3,2.7,23.9,92.6
USA,2018,1107.13,19714.73,1371.43,6709.6,10.8,80.3,41.5,38.3,38.5,15.2,2.2,5.8,80.3
USA,2019,1416.1,26237.57,1761.06,11583.9,10.9,80.9,21.7,9.7,39.1,6.2,15.1,30.0,81.0
USA,2020,1416.39,25773.83,1718.33,11809.5,23.6,87.7,163.0,25.3,12.0,23.7,11.7,27.4,71.2
USA,2021,1344.8,22974.7,1832.08,14344.2,43.7,63.1,92.5,55.1,19.1,18.5,10.9,0.0,64.0
USA,2022,1227.9,21708.89,1507.54,10049.9,45.0,33.6,112.6,56.3,21.2,7.4,7.7,7.3,84.0
Germany,1990,2291.11,1697.31,217.17,3382.6,13.0,49.7,174.6,33.3,30.8,6.7,5.7,23.6,92.8
Germany,1991,2372.72,1762.73,222.21,1075.2,38.4,91.6,34.6,9.4,35.7,7.8,16.7,30.5,74.4
Germany,1992,2351.91,1759.22,227.82,5059.3,10.5,46.7,92.0,38.7,14.6,7.0,4.3,35.4,65.1
Germany,1993,2389.3,2020.22,224.25,5142.7,28.7,56.4,47.1,22.2,25.4,22.7,15.8,13.9,86.2
Germany,1994,2360.95,2133.72,236.99,4877.6,31.1,44.8,107.0,38.5,22.4,19.2,8.3,11.7,93.7
Germany,1995,2466.7,2266.19,236.54,3962.2,37.0,41.1,81.5,17.7,10.2,24.5,4.0,43.6,95.6
Germany,1996,2394.28,1995.57,235.56,6962.0,26.9,81.6,112.2,52.2,12.3,8.2,9.9,17.4,84.4
Germany,1997,2295.79,1975.44,232.02,4876.4,19.1,30.6,123.7,20.1,31.5,22.8,6.5,19.0,61.0
Germany,1998,2410.25,2244.64,242.55,8425.7,30.0,86.1,42.3,46.3,16.4,30.0,8.4,0.0,83.1
Germany,1999,2337.76,2398.21,258.08,4009.8,13.2,59.8,83.1,53.0,35.9,16.1,4.2,0.0,91.0
Germany,2000,2314.59,2854.31,239.61,8606.8,43.5,46.1,75.7,28.8,15.8,32.1,4.0,19.3,61.0
Germany,2001,2347.31,2512.61,266.43,3304.8,35.8,33.4,27.9,6.1,28.7,24.9,6.2,34.1,72.8
Germany,2002,2289.57,2400.71,250.8,3587.5,27.2,50.8,50.8,23.7,30.4,6.7,18.6,20.6,68.9
Germany,2003,2277.9,2785.0,298.12,3147.5,33.8,76.5,117.2,60.0,15.1,28.1,4.5,0.0,63.2
Germany,2004,2341.97,2074.27,280.86,1603.0,30.9,78.1,53.8,53.1,35.8,17.1,14.0,0.0,82.3
Germany,2005,2385.5,2314.08,243.57,8344.0,12.5,42.9,75.7,51.9,19.5,20.7,9.7,0.0,74.2
Germany,2006,2456.55,3228.88,279.51,2411.0,20.1,45.5,54.2,54.0,15.0,9.5,11.5,10.0,86.3
Germany,2007,2354.38,2411.45,267.49,4155.3,44.2,92.1,148.0,15.7,21.7,33.4,4.9,24.2,86.7
Germany,2008,2349.59,2514.85,243.43,3631.2,19.3,62.9,144.4,45.7,23.4,33.1,14.7,0.0,78.3
Germany,2009,2349.52,2867.49,309.07,3706.5,12.1,75.6,21.6,36.3,30.8,22.8,17.6,0.0,74.3
Germany,2010,2380.8,3092.98,273.45,6628.2,36.8,49.8,149.9,21.5,16.4,6.1,0.9,55.1,94.8
Germany,2011,2330.2,4395.28,321.51,9223.8,17.9,73.1,117.5,42.3,29.8,23.4,17.0,0.0,79.2
Germany,2012,2534.12,5599.52,259.51,7818.3,29.9,47.9,95.9,52.9,20.8,32.8,14.0,0.0,70.3
Germany,2013,2402.86,5745.93,315.62,6961.7,28.2,33.3,57.3,36.0,26.0,9.1,11.8,17.0,72.6
Germany,2014,2358.82,3839.75,283.76,3015.2,27.6,51.0,61.3,7.9,38.5,24.2,17.5,11.9,87.0
Germany,2015,2496.91,6688.7,377.43,7813.8,13.7,80.4,149.3,24.6,25.4,25.3,19.2,5.5,70.1
Germany,2016,2603.23,5798.8,262.24,7068.9,39.2,67.5,123.4,53.1,37.7,25.1,18.6,0.0,75.9
Germany,2017,2223.15,2324.76,349.51,1808.3,25.2,49.0,107.3,57.4,31.1,6.3,18.1,0.0,79.4
Germany,2018,2350.29,2696.57,366.18,7271.6,15.7,36.8,43.3,30.3,27.0,9.5,9.4,23.8,93.2
Germany,2019,2516.08,4396.4,266.9,6690.6,40.4,83.8,120.2,5.9,18.2,5.1,8.3,62.6,89.1
Germany,2020,2373.37,2557.81,269.71,1637.2,19.0,38.8,61.6,48.9,38.4,23.3,5.1,0.0,97.0
Germany,2021,2460.19,5814.47,422.5,7572.0,13.9,77.8,64.0,47.6,27.2,25.9,18.5,0.0,88.5
Germany,2022,2537.9,6323.16,316.3,9879.5,19.2,48.1,168.9,25.3,31.4,6.2,7.7,29.4,76.3
Argentina,1990,1175.49,19490.06,1365.87,11202.1,14.5,72.3,177.2,14.2,10.7,9.0,13.1,53.0,92.1
Argentina,1991,1174.1,20573.54,1384.69,6971.7,22.7,83.7,132.2,59.4,20.4,23.0,18.7,0.0,66.7
Argentina,1992,1233.64,20731.03,1405.43,13683.5,32.4,50.3,104.1,44.5,32.6,7.7,17.2,0.0,92.5
Argentina,1993,1267.72,20278.27,1468.53,9283.9,26.7,53.1,129.2,6.8,12.7,6.5,6.7,67.3,80.4
Argentina,1994,1308.04,21379.97,1428.73,7853.4,32.9,32.6,115.6,34.3,18.0,32.3,7.4,8.0,61.8
Argentina,1995,1377.57,25290.34,1528.96,11454.9,26.1,35.0,127.3,21.5,25.9,17.2,5.5,29.8,65.3
Argentina,1996,1351.28,23416.91,1554.34,14103.5,18.5,65.8,50.8,50.1,39.9,14.9,7.6,0.0,84.7
Argentina,1997,1184.47,21644.97,1603.98,13147.3,36.6,33.2,155.0,44.5,21.8,32.1,11.2,0.0,78.0
Argentina,1998,1410.61,26129.32,1442.27,14013.6,30.4,42.1,50.1,40.6,38.6,28.8,0.8,0.0,73.3
Argentina,1999,1409.1,23131.07,1443.23,11847.8,39.4,31.1,27.8,30.9,19.4,26.0,16.5,7.2,89.3
Argentina,2000,1406.69,25276.26,1538.79,12555.5,19.6,31.7,137.6,59.4,18.2,31.2,15.3,0.0,74.5
Argentina,2001,1669.64,30413.58,1637.31,15186.7,33.6,43.4,76.4,45.4,13.1,28.7,10.6,2.2,71.7
Argentina,2002,1926.65,38398.5,1683.31,13400.3,13.7,82.8,112.6,41.1,29.2,11.3,0.6,17.8,77.3
Argentina,2003,1711.9,32825.22,1781.12,15622.1,39.2,33.7,139.6,36.3,36.3,32.8,10.6,0.0,90.2
Argentina,2004,1792.18,34681.02,1598.19,18089.1,11.2,67.7,46.6,29.2,32.4,11.1,7.4,19.9,85.4
Argentina,2005,1940.25,38050.95,1551.18,13680.7,27.3,89.5,53.9,6.0,31.7,30.1,8.0,24.3,77.9
Argentina,2006,1730.39,33811.69,1972.51,11743.1,32.6,45.1,45.1,51.8,33.3,13.6,6.5,0.0,87.2
Argentina,2007,1964.16,40638.18,1815.3,18352.7,20.8,59.1,84.9,36.0,14.9,14.3,18.0,16.9,87.5
Argentina,2008,1847.76,38290.88,1635.13,18851.9,19.3,88.2,36.6,59.2,33.0,33.3,4.3,0.0,90.9
Argentina,2009,2101.01,43236.98,2109.46,14736.7,43.9,59.4,171.3,6.1,30.1,19.1,6.9,37.8,94.5
Argentina,2010,1568.82,28630.88,1702.45,9786.9,15.0,36.8,87.7,52.0,10.7,23.3,7.4,6.7,76.6
Argentina,2011,2547.59,54059.01,1608.87,17695.1,32.5,42.8,35.6,50.8,19.3,33.3,3.6,0.0,86.5
Argentina,2012,2427.18,48995.21,1926.09,20277.0,33.9,70.9,62.6,42.0,17.6,14.7,16.7,9.0,90.5
Argentina,2013,1452.62,25613.84,1885.29,14866.5,29.9,84.1,178.7,23.1,26.0,6.9,4.2,39.9,79.4
Argentina,2014,2548.87,54422.22,2447.39,24218.7,34.0,45.8,147.8,9.7,35.3,26.5,18.9,9.6,87.7
Argentina,2015,1440.41,28524.84,2274.82,15883.9,23.4,71.0,88.8,56.7,26.6,23.0,19.5,0.0,85.7
Argentina,2016,2996.71,66123.2,2512.8,27392.6,16.1,86.9,138.0,6.7,31.7,32.2,15.9,13.5,83.4
Argentina,2017,1896.79,35673.82,1620.25,13212.1,41.9,71.2,135.4,41.9,39.7,7.7,13.3,0.0,71.3
Argentina,2018,1395.27,26774.96,1934.4,13233.1,15.1,83.5,57.6,40.2,28.2,9.6,4.1,17.8,84.9
Argentina,2019,3030.05,65372.78,1992.39,24582.2,13.8,31.1,165.5,12.1,18.0,30.1,6.5,33.4,79.5
Argentina,2020,4865.14,111838.14,1799.27,36040.2,33.2,92.8,166.5,56.8,16.8,16.7,12.1,0.0,90.2
Argentina,2021,2678.16,56863.58,2593.68,18577.2,44.2,92.7,46.2,54.6,37.5,28.3,4.6,0.0,61.0
Argentina,2022,1998.6,41095.14,2682.72,15665.9,13.1,52.2,177.0,26.1,14.2,26.3,13.2,20.1,61.8
Mexico,1990,1409.89,12612.19,583.21,6394.7,12.5,33.7,39.3,51.0,17.5,18.0,13.4,0.2,77.2
Mexico,1991,1443.4,13051.56,595.96,7759.6,34.8,77.6,47.8,29.3,12.0,17.0,15.3,26.4,96.6
Mexico,1992,1489.32,13329.93,604.09,5029.2,22.7,64.8,179.4,27.7,22.7,26.1,18.9,4.6,70.7
Mexico,1993,1476.07,13846.14,620.6,9119.5,41.0,56.7,116.7,29.2,33.9,23.3,2.2,11.4,85.1
Mexico,1994,1427.52,14839.84,614.98,6034.3,13.3,31.1,159.8,15.3,25.3,20.9,17.5,21.0,78.5
Mexico,1995,1477.56,15853.04,617.22,9051.2,15.7,92.4,156.3,20.4,16.9,31.2,3.4,28.1,77.0
Mexico,1996,1506.71,17211.93,630.71,11381.3,15.0,30.6,23.2,15.3,33.2,19.2,7.0,25.3,74.4
Mexico,1997,1675.02,16144.24,604.56,8513.4,35.1,58.8,137.2,51.9,26.6,26.5,17.9,0.0,96.1
Mexico,1998,1463.91,14969.62,690.12,9404.1,17.4,45.4,120.5,23.1,38.6,5.7,7.5,25.1,95.8
Mexico,1999,1576.11,15464.88,711.51,10159.0,25.7,61.7,52.7,20.1,18.2,14.1,12.2,35.4,77.5
Mexico,2000,1745.33,18911.09,658.23,13640.7,26.8,61.6,110.5,45.0,36.8,25.2,4.1,0.0,97.3
Mexico,2001,1648.83,19275.02,685.85,7724.9,26.2,46.0,166.4,19.5,14.5,7.7,11.3,47.0,64.6
Mexico,2002,1562.78,17316.9,775.63,9693.0,32.1,65.3,40.7,12.6,19.0,13.4,12.1,42.8,92.7
Mexico,2003,1722.58,21303.5,698.18,12725.9,17.7,40.7,85.0,46.9,17.9,12.4,19.3,3.6,60.3
Mexico,2004,1927.92,27163.19,761.21,11790.9,28.1,35.5,177.5,53.4,16.0,33.4,6.8,0.0,77.6
Mexico,2005,1827.68,22482.48,649.37,14488.5,16.1,72.1,59.3,43.9,27.6,14.5,11.1,2.9,89.2
Mexico,2006,1886.06,25851.59,807.38,13306.1,31.5,88.0,32.6,7.3,10.3,18.7,2.6,61.0,86.6
Mexico,2007,2223.04,33636.81,723.83,16085.6,34.0,43.8,58.2,16.8,23.0,10.9,11.0,38.3,64.6
Mexico,2008,1576.86,19349.95,738.77,8062.4,10.7,87.2,174.5,6.3,11.5,33.6,2.8,45.7,88.3
Mexico,2009,1428.13,15338.86,827.82,11292.5,15.1,40.4,146.4,8.7,13.2,20.3,9.3,48.5,98.1
Mexico,2010,1992.36,28070.97,655.99,13590.4,20.8,54.0,143.2,57.0,33.4,23.1,9.1,0.0,74.2
Mexico,2011,2593.77,40686.52,766.98,18494.7,26.9,88.3,165.2,57.1,28.1,22.4,4.6,0.0,61.9
Mexico,2012,1589.72,17263.11,977.02,11870.4,37.7,43.1,148.8,57.0,19.4,18.3,2.3,3.0,93.5
Mexico,2013,2774.44,45741.08,669.19,15346.6,28.8,67.4,123.2,6.5,35.0,9.2,17.7,31.5,89.2
Mexico,2014,1537.45,16340.14,1035.46,5736.5,15.0,30.9,110.7,14.1,27.0,14.4,3.6,41.0,94.4
Mexico,2015,2682.99,43876.39,665.04,17728.0,26.1,62.4,31.6,27.2,22.0,10.1,7.7,33.1,94.9
Mexico,2016,2464.72,38850.96,860.32,17893.9,27.0,39.7,123.7,25.0,38.5,33.4,2.9,0.2,67.1
Mexico,2017,2380.39,36989.84,726.0,18814.5,28.1,34.7,120.3,52.4,21.8,5.1,5.5,15.2,83.9
Mexico,2018,1853.48,23619.21,1045.74,13719.4,44.3,62.6,92.8,49.0,14.0,8.3,18.4,10.3,90.0
Mexico,2019,2376.4,36523.57,922.17,12128.1,24.6,85.5,157.0,37.4,33.1,17.9,15.2,0.0,74.9
Mexico,2020,1726.65,19691.66,715.0,8377.7,40.6,38.4,135.2,18.4,31.9,17.6,19.6,12.5,74.0
Mexico,2021,2051.21,29512.2,1103.31,11106.3,32.4,45.3,134.2,55.7,38.0,12.3,16.0,0.0,77.3
Mexico,2022,3629.94,67223.55,741.59,27166.5,30.8,38.3,88.4,55.5,23.5,27.3,9.3,0.0,69.1
Malaysia,1990,3192.14,15189.42,149.01,8908.2,43.3,64.8,83.1,16.0,22.8,27.7,12.1,21.5,87.5
Malaysia,1991,3149.26,15985.5,151.22,8834.9,27.2,85.0,153.1,20.5,24.4,6.3,16.4,32.3,99.6
Malaysia,1992,3216.22,16258.6,153.95,7165.1,37.8,61.6,73.4,27.4,10.3,10.1,13.1,39.1,84.5
Malaysia,1993,3243.47,15899.26,153.42,12389.4,20.7,41.0,93.7,48.3,17.6,27.9,13.8,0.0,72.9
Malaysia,1994,3234.53,17605.04,156.37,9136.3,43.8,54.5,61.3,35.0,14.4,18.6,17.6,14.4,76.8
Malaysia,1995,3325.05,16949.78,159.86,11281.3,17.2,76.1,23.4,51.2,27.7,10.8,11.6,0.0,80.2
Malaysia,1996,3302.93,17815.71,164.16,7382.1,36.0,33.4,156.4,26.9,13.6,17.5,1.5,40.5,64.0
Malaysia,1997,3299.98,17437.07,174.11,8375.1,35.3,50.7,164.9,27.9,19.2,32.8,7.5,12.7,90.3
Malaysia,1998,3414.4,19947.75,157.11,7954.2,43.0,93.5,80.2,34.2,31.1,12.8,18.8,3.1,81.2
Malaysia,1999,3646.77,24838.45,171.73,9974.6,34.6,72.8,178.3,50.7,21.0,8.0,13.5,6.8,60.3
Malaysia,2000,3257.76,17215.73,160.21,5694.1,45.0,82.1,145.9,31.1,15.8,23.8,19.6,9.7,78.6
Malaysia,2001,3431.05,22290.98,168.07,8321.8,20.0,54.4,141.0,50.0,25.2,19.9,18.6,0.0,95.6
Malaysia,2002,3321.13,17300.04,162.11,8768.8,42.7,71.4,148.3,48.2,18.9,21.4,4.5,7.1,77.8
Malaysia,2003,3420.21,23258.79,174.53,8290.6,40.7,80.9,46.9,31.6,34.9,31.9,8.3,0.0,60.7
Malaysia,2004,3797.38,26750.88,207.47,12873.6,28.9,33.3,30.1,52.4,15.2,23.7,0.5,8.2,76.0
Malaysia,2005,3398.7,20253.58,162.15,12151.2,35.3,38.8,153.8,59.2,13.0,17.7,6.1,3.9,96.2
Malaysia,2006,3419.71,21667.39,181.62,8910.2,27.1,56.5,177.9,52.8,17.1,7.4,12.5,10.1,73.5
Malaysia,2007,3510.75,18854.59,170.18,6552.6,31.9,33.5,153.8,42.0,11.0,9.0,13.7,24.3,68.5
Malaysia,2008,3841.98,29764.18,173.27,10911.9,21.2,68.6,53.6,52.2,11.8,11.5,20.0,4.6,77.3
Malaysia,2009,3483.56,20465.95,235.59,6804.6,38.1,81.2,67.6,43.7,15.5,23.3,14.5,3.0,72.6
Malaysia,2010,4229.83,39644.92,238.28,17582.9,15.5,45.8,154.8,50.6,28.1,16.7,11.2,0.0,83.1
Malaysia,2011,3478.83,23243.65,170.55,12747.7,24.1,89.8,124.0,14.1,22.1,15.3,8.0,40.5,90.4
Malaysia,2012,3676.79,29174.84,170.06,12976.3,14.3,56.1,76.1,31.5,38.2,13.8,8.3,8.1,91.5
Malaysia,2013,4432.6,45286.41,240.67,15236.5,22.8,54.3,44.2,35.0,26.4,6.6,8.0,24.0,70.8
Malaysia,2014,3616.55,24156.27,199.98,8540.4,32.0,37.9,177.7,60.0,19.3,31.5,13.5,0.0,73.6
Malaysia,2015,4693.2,50266.81,204.81,19919.3,41.9,66.0,47.9,34.9,35.2,31.5,3.2,0.0,73.6
Malaysia,2016,4389.71,44502.49,237.04,20351.9,41.3,89.8,35.2,23.4,11.3,22.9,17.1,25.3,75.3
Malaysia,2017,4214.03,40728.66,253.07,18395.5,31.2,40.8,147.6,45.7,28.8,16.3,2.8,6.4,88.4
Malaysia,2018,4091.87,37895.91,188.75,14399.9,10.6,56.0,108.0,52.0,30.6,5.5,4.3,7.6,62.8
Malaysia,2019,4528.81,48681.04,251.9,21376.5,17.5,37.8,156.2,36.4,32.7,8.3,16.8,5.9,82.2
Malaysia,2020,6074.97,84975.62,183.41,28265.7,32.3,52.8,168.5,42.9,39.1,7.5,18.0,0.0,65.0
Malaysia,2021,3502.54,22865.05,243.65,11791.0,32.8,46.6,78.3,26.6,35.5,32.2,10.1,0.0,83.8
Malaysia,2022,5657.71,75399.43,249.62,28836.2,35.0,43.5,111.0,43.9,35.0,8.6,16.2,0.0,79.3
Australia,1990,5602.34,17361.08,605.53,8629.1,43.3,50.8,158.9,29.8,22.7,20.3,18.9,8.3,81.9
Australia,1991,5657.99,17606.96,617.33,8118.4,37.4,58.8,97.6,57.4,15.4,26.7,16.2,0.0,87.2
Australia,1992,5622.88,19100.34,620.94,9553.6,23.2,53.9,104.2,38.4,26.9,30.8,16.4,0.0,64.9
Australia,1993,5706.57,19316.28,639.6,8315.7,19.7,90.7,135.8,51.7,22.4,12.6,17.4,0.0,77.3
Australia,1994,5675.35,20221.05,650.2,6786.1,31.6,63.1,107.3,49.5,17.9,5.1,9.9,17.6,64.0
Australia,1995,5644.85,19136.76,681.82,9306.3,26.3,33.4,26.0,46.5,18.3,18.3,1.7,15.2,71.5
Australia,1996,5776.07,22720.38,665.1,11131.4,18.5,78.4,46.9,48.0,14.5,24.4,18.3,0.0,87.2
Australia,1997,5658.22,20540.38,648.98,11501.4,32.8,83.6,86.8,49.6,13.3,12.5,17.9,6.7,88.6
Australia,1998,5648.11,19350.64,658.17,13655.2,30.9,76.1,21.2,40.2,29.9,17.4,0.9,11.6,91.4
Australia,1999,5875.09,24383.18,745.77,15078.1,28.9,59.8,171.2,42.3,24.2,32.0,6.7,0.0,71.8
Australia,2000,5849.69,26622.71,644.77,11979.8,18.4,60.5,92.9,53.0,33.9,20.4,2.6,0.0,68.6
Australia,2001,5805.64,21174.06,713.86,13078.7,33.2,52.0,169.7,41.1,21.6,30.1,19.0,0.0,92.2
Australia,2002,6251.66,33236.9,675.77,10766.7,35.9,83.8,174.9,25.8,33.7,15.5,3.3,21.7,61.3
Australia,2003,6042.62,27668.9,650.76,10650.6,26.1,70.9,109.2,26.2,37.1,12.2,4.1,20.4,98.8
Australia,2004,6189.35,33082.29,701.81,14661.8,13.1,56.9,140.0,6.4,33.6,14.6,0.7,44.7,96.7
Australia,2005,5846.14,25692.83,743.87,14635.0,33.9,87.4,52.6,12.7,26.6,13.2,1.3,46.2,62.0
Australia,2006,6535.78,40071.69,668.42,19186.0,21.5,50.4,101.9,11.4,12.1,27.8,9.7,39.0,73.7
Australia,2007,6011.01,28601.93,704.96,12266.5,23.5,89.5,141.9,28.0,37.9,32.3,14.3,0.0,95.4
Australia,2008,6121.27,32391.76,940.57,13707.1,12.0,47.0,89.8,22.6,21.4,23.4,12.5,20.1,79.3
Australia,2009,6419.55,36271.15,872.81,18440.9,40.9,63.5,143.9,27.0,39.6,29.6,8.7,0.0,89.1
Australia,2010,6339.79,36679.3,832.67,12364.4,14.4,64.4,63.0,19.8,13.0,15.6,8.1,43.5,60.7
Australia,2011,6332.29,37202.83,1004.12,15292.4,12.2,65.9,154.6,49.8,20.8,22.4,1.5,5.5,67.0
Australia,2012,7396.85,62357.06,815.2,21609.4,41.7,42.4,118.5,53.9,28.3,33.5,20.0,0.0,74.9
Australia,2013,6214.35,32302.84,766.55,15336.5,43.2,47.4,149.8,21.4,35.8,35.0,12.6,0.0,91.8
Australia,2014,5888.5,23540.51,881.35,8091.3,42.7,79.8,125.3,48.0,20.7,22.2,16.7,0.0,87.5
Australia,2015,7830.25,71830.16,976.03,28984.0,28.1,37.6,104.5,6.2,20.1,9.3,4.7,59.7,96.2
Australia,2016,5993.65,26462.54,935.0,12057.5,31.8,30.7,51.2,7.0,16.6,14.3,12.3,49.8,81.4
Australia,2017,6413.28,37744.0,869.43,17183.4,31.1,49.4,85.7,17.0,14.9,12.1,10.1,45.9,70.8
Australia,2018,6090.95,30969.03,1186.7,10770.5,23.0,31.7,55.5,57.1,23.9,6.8,14.6,0.0,73.2
Australia,2019,5933.31,25984.64,918.99,8370.2,13.0,82.5,143.4,40.9,18.4,22.1,15.4,3.1,97.1
Australia,2020,8411.4,88408.7,1166.31,32146.4,11.8,80.9,155.3,19.4,20.0,18.9,18.5,23.1,96.1
Australia,2021,6350.38,33719.28,1185.45,16069.5,44.3,40.1,56.1,9.9,14.0,19.9,2.1,54.1,73.8
Australia,2022,6175.8,33328.62,1172.0,11900.4,12.3,94.9,24.0,13.2,29.1,33.5,19.9,4.3,75.0
India,1990,5276.23,16840.23,776.91,6117.7,18.8,73.5,162.1,37.9,35.7,8.5,13.8,4.1,76.4
India,1991,5241.43,17395.91,790.23,7132.5,38.2,92.9,63.0,16.3,22.1,7.3,13.9,40.4,70.1
India,1992,5288.77,18142.89,800.48,7026.1,25.5,51.7,103.5,22.1,13.6,30.9,9.9,23.4,82.9
India,1993,5302.84,18903.8,789.03,11878.7,35.0,53.8,28.5,36.3,22.3,10.8,14.9,15.7,65.1
India,1994,5228.05,18170.62,829.6,7112.5,22.5,75.3,109.6,10.7,31.3,11.3,6.1,40.6,79.0
India,1995,5324.1,19458.38,830.4,10553.3,10.2,35.1,161.0,29.7,31.3,23.7,12.9,2.4,88.6
India,1996,5485.9,23352.65,826.74,10284.5,29.9,87.3,170.7,21.1,19.7,18.1,6.1,34.9,99.4
India,1997,5520.81,23222.63,814.28,12485.4,24.4,60.6,27.9,49.8,14.9,5.2,0.9,29.3,69.8
India,1998,5435.69,21783.84,848.2,9915.3,39.9,78.7,63.6,11.3,26.0,30.7,14.7,17.2,68.6
India,1999,5410.65,19404.87,850.0,13227.1,30.4,64.7,115.4,27.0,25.2,29.3,16.8,1.7,96.4
India,2000,5506.69,24023.39,835.82,8675.0,28.8,90.9,69.3,33.0,30.8,8.4,11.3,16.5,69.9
India,2001,5706.42,29869.22,968.94,11319.4,11.3,36.6,136.6,28.7,29.0,12.7,1.0,28.5,60.4
India,2002,5521.01,25471.82,979.64,8990.8,24.2,61.5,106.5,6.2,10.3,8.3,4.8,70.4,68.8
India,2003,5817.64,32117.59,866.54,16194.0,34.3,66.1,131.9,59.3,19.2,8.8,10.9,1.8,94.3
India,2004,5766.35,30479.54,963.5,14439.2,21.8,88.9,114.0,42.3,18.9,21.8,14.3,2.7,89.1
India,2005,5394.08,20828.24,957.01,12421.1,37.8,62.1,163.2,41.7,36.1,31.1,11.6,0.0,77.2
India,2006,6104.93,39620.98,1116.54,17529.1,40.1,35.8,158.4,40.3,34.5,5.2,19.8,0.2,67.3
India,2007,5585.48,26066.11,898.15,10115.1,24.6,46.3,71.3,30.9,36.2,11.8,9.5,11.7,65.3
India,2008,5883.25,33306.16,994.95,13092.2,36.1,88.1,141.1,26.7,15.3,15.9,7.5,34.6,99.7
India,2009,5585.71,27731.43,1129.48,9959.3,14.6,52.5,149.2,59.7,13.4,26.8,1.0,0.0,61.2
India,2010,6003.47,35344.89,1057.82,16019.2,18.2,86.2,69.5,10.8,39.0,33.2,3.9,13.1,66.5
India,2011,6217.36,42191.89,868.53,15952.5,22.3,65.3,31.6,18.2,25.5,22.1,4.4,29.8,90.3
India,2012,6354.47,43291.58,1228.97,17701.5,35.9,73.0,76.9,22.0,37.7,24.7,8.7,6.9,91.6
India,2013,6746.86,52229.35,996.79,20452.9,36.1,54.6,68.4,50.0,18.7,15.2,18.7,0.0,66.6
India,2014,7115.14,62976.34,1134.52,24353.9,41.6,36.4,57.1,7.3,23.6,29.0,15.4,24.6,96.8
India,2015,6577.54,51153.78,1321.49,22273.9,24.5,35.8,90.0,34.3,13.0,22.7,15.6,14.4,63.7
India,2016,6836.41,57855.98,919.71,24063.7,25.0,68.7,34.3,14.5,10.4,22.8,17.7,34.6,86.8
India,2017,5963.15,34454.2,932.76,18047.8,38.3,59.9,55.8,59.0,11.9,32.1,16.3,0.0,72.6
India,2018,5675.94,27789.05,1220.53,15915.0,10.1,45.5,170.2,58.5,18.6,31.7,17.6,0.0,90.3
India,2019,5718.29,28700.49,958.38,13386.6,40.2,61.0,179.1,36.0,13.6,21.0,7.1,22.3,91.7
India,2020,8424.59,95745.43,1149.97,31379.1,29.5,49.8,33.8,46.7,37.3,5.4,16.2,0.0,97.5
India,2021,5456.46,22975.37,1195.2,13669.1,30.0,94.9,65.9,48.4,13.9,7.4,0.4,29.8,85.1
India,2022,5775.17,29995.1,1092.29,15444.8,41.7,93.4,57.2,39.6,39.6,16.9,6.6,0.0,85.0
South Africa,1990,1344.99,17631.89,460.23,7025.0,25.0,48.7,137.9,50.4,38.1,29.1,8.5,0.0,85.4
South Africa,1991,1346.05,17856.47,465.8,9471.2,27.6,50.5,136.7,52.1,24.7,11.5,3.4,8.3,60.0
South Africa,1992,1400.48,19577.78,482.37,12411.5,39.8,65.8,152.1,44.5,13.3,12.3,6.0,23.9,82.4
South Africa,1993,1345.71,19034.65,480.32,8352.2,43.7,50.3,35.7,26.9,30.2,6.7,2.5,33.7,80.0
South Africa,1994,1457.8,20338.05,471.64,7430.5,17.7,60.2,89.3,23.5,18.9,7.0,17.9,32.7,87.7
South Africa,1995,1514.83,20571.09,487.73,9044.8,37.1,33.4,22.1,11.7,12.0,34.2,13.6,28.5,76.7
South Africa,1996,1549.93,23598.35,501.88,8561.1,18.2,90.6,157.5,43.6,32.7,28.4,9.6,0.0,77.2
South Africa,1997,1611.57,22587.31,545.22,14519.5,17.5,82.7,51.6,5.6,37.8,23.1,4.1,29.4,96.8
South Africa,1998,1473.91,20768.49,533.01,9768.1,42.6,35.8,101.8,55.3,39.7,31.2,20.0,0.0,69.8
South Africa,1999,1625.44,25304.07,495.28,15351.4,42.0,40.9,39.4,51.3,34.7,11.9,2.0,0.1,99.2
South Africa,2000,1493.48,20315.92,578.8,8047.0,24.6,59.2,115.8,21.3,36.1,5.1,0.4,37.0,78.6
South Africa,2001,1443.47,22828.44,592.24,12102.7,12.5,89.1,173.2,18.1,30.7,22.0,1.5,27.7,66.5
South Africa,2002,1457.48,20804.93,554.48,9016.7,23.7,41.7,112.5,26.3,15.6,28.8,8.3,21.0,63.7
South Africa,2003,1533.88,21164.28,575.93,9401.0,40.0,58.3,50.9,31.6,12.7,8.9,4.8,42.0,94.4
South Africa,2004,1610.61,23123.29,610.4,9428.9,36.9,43.4,71.5,55.9,34.8,15.0,5.4,0.0,82.0
South Africa,2005,2218.91,40260.12,527.51,15264.7,15.2,63.1,93.7,44.7,39.8,8.9,1.0,5.6,87.8
South Africa,2006,2224.65,41551.67,668.43,15842.3,27.2,88.3,149.1,50.8,35.4,25.4,19.1,0.0,80.4
South Africa,2007,1583.94,24680.08,507.4,12729.3,19.2,33.4,57.0,55.3,39.0,30.4,6.2,0.0,67.8
South Africa,2008,2295.87,42502.9,681.27,16873.9,24.6,93.6,52.1,35.1,23.6,31.3,2.0,7.9,70.3
South Africa,2009,1597.56,25042.36,583.7,14844.0,31.5,56.8,169.5,46.3,12.8,14.6,7.7,18.4,84.9
South Africa,2010,1611.64,22570.47,552.8,11515.3,31.5,32.6,84.5,13.7,35.8,18.4,18.3,13.7,78.7
South Africa,2011,2350.41,41754.84,584.06,13727.9,24.9,38.4,171.6,20.1,14.3,5.1,10.6,49.9,64.3
South Africa,2012,2120.14,36603.21,589.88,17228.2,27.4,50.2,149.9,26.5,27.7,13.3,3.5,29.0,91.0
South Africa,2013,1585.85,23382.29,667.94,13239.4,14.8,44.9,161.2,57.1,13.0,9.7,19.2,1.0,61.5
South Africa,2014,1577.97,22929.22,741.2,10932.1,25.6,30.5,151.1,58.8,10.1,31.2,6.1,0.0,97.5
South Africa,2015,2598.15,51571.24,737.72,23141.2,28.6,56.0,172.6,22.4,29.6,7.4,4.8,35.7,90.9
South Africa,2016,2650.87,51523.19,611.07,16905.4,39.5,53.5,125.7,34.1,37.8,17.9,17.4,0.0,78.0
South Africa,2017,2671.97,50950.65,544.01,18885.3,29.1,58.3,139.8,58.9,38.8,14.9,17.7,0.0,93.9
South Africa,2018,3502.18,71739.54,810.67,22313.0,16.8,64.9,169.6,16.6,28.7,7.2,16.7,30.8,67.0
South Africa,2019,2075.84,36246.14,680.72,14904.1,15.5,32.0,171.5,8.9,22.0,22.3,17.1,29.7,99.0
South Africa,2020,2007.36,33906.26,616.63,11297.2,42.5,67.7,126.7,29.2,11.8,27.5,11.3,20.2,77.9
South Africa,2021,3151.46,61410.98,550.19,20324.1,39.1,79.8,76.1,22.0,25.1,15.2,15.1,22.6,81.8
South Africa,2022,2337.57,43796.24,756.96,13640.7,18.4,43.5,60.1,53.2,26.3,12.1,17.0,0.0,82.3
Nigeria,1990,4602.03,3870.85,706.46,4334.3,36.2,65.8,150.7,16.4,28.7,15.7,16.9,22.3,78.1
Nigeria,1991,4498.26,4095.28,721.2,6257.1,27.3,32.6,177.5,45.0,12.9,16.9,19.7,5.6,92.3
Nigeria,1992,4544.58,4213.61,721.64,6157.4,30.5,59.0,153.8,13.8,18.3,14.9,13.0,40.0,90.3
Nigeria,1993,4516.16,4147.15,736.49,5776.8,33.2,81.0,83.2,46.2,25.3,29.3,8.7,0.0,65.0
Nigeria,1994,4568.04,4825.05,742.93,7418.9,10.7,43.3,97.9,36.0,38.6,28.8,11.6,0.0,85.9
Nigeria,1995,4558.02,5033.03,763.11,8983.9,26.9,61.9,39.2,56.2,22.9,14.9,19.5,0.0,94.5
Nigeria,1996,4641.39,5336.71,810.77,9175.8,28.2,74.0,144.6,22.8,23.9,17.5,3.0,32.9,98.3
Nigeria,1997,4510.12,4342.2,795.05,2059.9,27.4,40.1,49.3,27.2,36.3,10.7,11.0,14.9,61.0
Nigeria,1998,4481.22,5344.92,743.98,5881.2,16.4,67.3,122.0,47.0,27.4,23.8,1.0,0.7,68.4
Nigeria,1999,4681.04,5407.08,842.55,4639.2,36.8,58.1,97.5,9.1,18.7,23.8,11.3,37.1,84.5
Nigeria,2000,4691.7,4978.87,755.37,2675.7,42.3,74.8,40.3,35.2,18.2,12.3,2.7,31.5,94.0
Nigeria,2001,4571.89,5235.63,849.01,8337.5,11.5,45.4,162.4,38.9,15.6,10.3,17.5,17.7,89.7
Nigeria,2002,4594.38,5090.26,762.13,2238.5,18.6,87.3,86.5,41.3,22.2,12.9,19.6,4.1,91.9
Nigeria,2003,4676.64,6947.18,953.88,5644.5,16.7,63.6,165.3,21.6,35.4,27.8,5.9,9.3,77.1
Nigeria,2004,4832.21,8231.73,783.82,6974.8,40.8,56.7,97.1,15.2,13.3,26.7,5.4,39.4,92.8
Nigeria,2005,4560.3,4734.9,827.07,4354.3,43.1,48.4,93.7,59.8,12.3,19.2,16.0,0.0,91.6
Nigeria,2006,4687.42,6642.01,966.34,8994.0,31.9,73.5,40.2,46.8,20.5,18.6,11.9,2.2,99.0
Nigeria,2007,4732.8,9979.26,804.2,9303.8,19.3,90.7,135.2,23.0,37.7,13.1,19.8,6.4,86.8
Nigeria,2008,4670.05,6842.14,962.95,8327.4,13.6,92.6,162.4,30.5,28.4,13.2,5.5,22.4,64.5
Nigeria,2009,4595.42,6020.27,1057.44,6193.5,26.2,50.4,113.0,11.3,20.4,27.9,12.2,28.3,64.1
Nigeria,2010,4784.76,8723.01,1029.1,8450.3,11.8,85.9,93.3,51.9,28.0,33.8,13.4,0.0,67.0
Nigeria,2011,4662.13,6255.64,867.66,5999.3,41.0,54.6,140.0,31.1,29.5,5.8,0.3,33.3,65.2
Nigeria,2012,4894.82,13828.9,1101.85,6227.6,27.6,45.2,85.5,18.8,22.9,19.6,2.8,35.9,86.9
Nigeria,2013,5007.16,11632.76,1124.74,5700.6,42.3,68.5,80.8,37.8,18.8,5.4,1.6,36.4,75.7
Nigeria,2014,4746.7,9473.01,1003.42,7128.9,16.2,82.8,106.7,13.5,21.3,23.8,10.9,30.4,69.2
Nigeria,2015,4603.57,5835.36,1168.24,9243.9,43.2,54.0,41.7,23.9,28.4,30.8,15.1,1.8,82.1
Nigeria,2016,5033.6,16238.43,884.27,7267.3,24.2,54.9,147.1,24.9,21.0,31.4,0.8,22.0,99.5
Nigeria,2017,4843.64,9256.02,885.84,5280.9,27.8,39.6,117.9,41.5,30.4,6.1,12.1,9.8,79.4
Nigeria,2018,5128.29,18221.56,1344.38,13062.0,18.6,38.6,68.4,10.8,18.3,31.7,11.0,28.1,76.5
Nigeria,2019,5088.72,18163.26,1423.03,12393.9,13.9,91.6,87.7,9.0,31.4,26.1,12.3,21.2,80.4
Nigeria,2020,4597.66,5586.35,1133.26,4715.1,26.6,69.9,159.0,28.9,27.8,12.0,18.8,12.5,83.6
Nigeria,2021,5033.94,14316.84,1076.54,10940.8,41.7,37.8,105.1,22.1,23.5,29.2,3.2,22.0,71.7
Nigeria,2022,4713.24,6882.03,1384.5,8965.1,42.0,47.2,164.6,42.4,19.5,28.8,2.6,6.8,90.5
